序号,试验站,东经,北纬,海拔,气候带,大气类型,年均温度,年均湿度,年降雨量,年辐照总量,日照时间,大气压,湿润时间,NO2,H2S,硫酸盐化速率,氨,海盐粒子,水溶性,非水溶性,雨水pH,雨水Cl-,雨水SO42-,测试周期,牌号/工艺编号,腐蚀厚度
1,北京,116.2833,39.9833,73,温带,湿润乡村大气,12,57,552,5413,2150,1013,2358,0.022,0,0.442,0.0563,0.049,2.0295,5.6467,5.5,,,12,20,0.0358
2,北京,116.2833,39.9833,73,温带,湿润乡村大气,12,57,552,5413,2150,1013,2358,0.022,0,0.442,0.0563,0.049,2.0295,5.6467,5.5,,,24,20,0.0414
3,北京,116.2833,39.9833,73,温带,湿润乡村大气,12,57,552,5413,2150,1013,2358,0.022,0,0.442,0.0563,0.049,2.0295,5.6467,5.5,,,48,20,0.0528
4,北京,116.2833,39.9833,73,温带,湿润乡村大气,12,57,552,5413,2150,1013,2358,0.022,0,0.442,0.0563,0.049,2.0295,5.6467,5.5,,,96,20,0.0848
5,北京,116.2833,39.9833,73,温带,湿润乡村大气,12,57,552,5413,2150,1013,2358,0.022,0,0.442,0.0563,0.049,2.0295,5.6467,5.5,,,192,20,0.1024
6,青岛,120.4277,36.0535,18,温带,海洋大气,12.5,71,643,6347,2078,1015,4049,0.038,0.013,0.704,0.0144,0.25,1.1946,2.0834,6.1,11044,81654,12,20,0.0715
7,青岛,120.4277,36.0535,18,温带,海洋大气,12.5,71,643,6347,2078,1015,4049,0.038,0.013,0.704,0.0144,0.25,1.1946,2.0834,6.1,11044,81654,24,20,0.0966
8,青岛,120.4277,36.0535,18,温带,海洋大气,12.5,71,643,6347,2078,1015,4049,0.038,0.013,0.704,0.0144,0.25,1.1946,2.0834,6.1,11044,81654,48,20,0.1472
9,青岛,120.4277,36.0535,18,温带,海洋大气,12.5,71,643,6347,2078,1015,4049,0.038,0.013,0.704,0.0144,0.25,1.1946,2.0834,6.1,11044,81654,96,20,0.236
10,青岛,120.4277,36.0535,18,温带,海洋大气,12.5,71,643,6347,2078,1015,4049,0.038,0.013,0.704,0.0144,0.25,1.1946,2.0834,6.1,11044,81654,192,20,0.432
11,武汉,114.2827,30.6769,23.3,亚热带,湿润城市大气,16.9,77,1234,4126,1641,1002,4871,0.089,0.004,0.272,0.0212,0.011,4.5642,14.0008,6.5,917,11390,12,20,0.0494
12,武汉,114.2827,30.6769,23.3,亚热带,湿润城市大气,16.9,77,1234,4126,1641,1002,4871,0.089,0.004,0.272,0.0212,0.011,4.5642,14.0008,6.5,917,11390,24,20,0.0556
13,武汉,114.2827,30.6769,23.3,亚热带,湿润城市大气,16.9,77,1234,4126,1641,1002,4871,0.089,0.004,0.272,0.0212,0.011,4.5642,14.0008,6.5,917,11390,48,20,0.0752
14,武汉,114.2827,30.6769,23.3,亚热带,湿润城市大气,16.9,77,1234,4126,1641,1002,4871,0.089,0.004,0.272,0.0212,0.011,4.5642,14.0008,6.5,917,11390,96,20,0.0864
15,武汉,114.2827,30.6769,23.3,亚热带,湿润城市大气,16.9,77,1234,4126,1641,1002,4871,0.089,0.004,0.272,0.0212,0.011,4.5642,14.0008,6.5,917,11390,192,20,0.0928
16,江津,106.25,29.3167,208.6,亚热带,郊区酸雨大气,18.4,81,939,3042,1312,985,5304,0.007,0.004,0.667,0.0383,0.006,1.3351,7.1692,4.4,1994,31642,12,20,0.0806
17,江津,106.25,29.3167,208.6,亚热带,郊区酸雨大气,18.4,81,939,3042,1312,985,5304,0.007,0.004,0.667,0.0383,0.006,1.3351,7.1692,4.4,1994,31642,24,20,0.1288
18,江津,106.25,29.3167,208.6,亚热带,郊区酸雨大气,18.4,81,939,3042,1312,985,5304,0.007,0.004,0.667,0.0383,0.006,1.3351,7.1692,4.4,1994,31642,48,20,0.154
19,江津,106.25,29.3167,208.6,亚热带,郊区酸雨大气,18.4,81,939,3042,1312,985,5304,0.007,0.004,0.667,0.0383,0.006,1.3351,7.1692,4.4,1994,31642,96,20,0.2024
20,江津,106.25,29.3167,208.6,亚热带,郊区酸雨大气,18.4,81,939,3042,1312,985,5304,0.007,0.004,0.667,0.0383,0.006,1.3351,7.1692,4.4,1994,31642,192,20,0.272
21,广州,113.2167,23.4667,22.8,亚热带,湿润城市大气,22.4,78,1494,4293,1636,1004,5048,0.035,0.007,0.107,0.0575,0.024,2.7042,2.9777,5.8,353,13702,12,20,0.0562
22,广州,113.2167,23.4667,22.8,亚热带,湿润城市大气,22.4,78,1494,4293,1636,1004,5048,0.035,0.007,0.107,0.0575,0.024,2.7042,2.9777,5.8,353,13702,24,20,0.0788
23,广州,113.2167,23.4667,22.8,亚热带,湿润城市大气,22.4,78,1494,4293,1636,1004,5048,0.035,0.007,0.107,0.0575,0.024,2.7042,2.9777,5.8,353,13702,48,20,0.1068
24,广州,113.2167,23.4667,22.8,亚热带,湿润城市大气,22.4,78,1494,4293,1636,1004,5048,0.035,0.007,0.107,0.0575,0.024,2.7042,2.9777,5.8,353,13702,96,20,0.1392
25,广州,113.2167,23.4667,22.8,亚热带,湿润城市大气,22.4,78,1494,4293,1636,1004,5048,0.035,0.007,0.107,0.0575,0.024,2.7042,2.9777,5.8,353,13702,192,20,0.248
26,琼海,110.478,19.2431,24,热带,湿润乡村大气,24.5,86,1881,4323,2116,1018,6314,0.008,0.029,0.15,0.0355,0.199,4.1049,0.0888,6.9,1873,9625,12,20,0.0322
27,琼海,110.478,19.2431,24,热带,湿润乡村大气,24.5,86,1881,4323,2116,1018,6314,0.008,0.029,0.15,0.0355,0.199,4.1049,0.0888,6.9,1873,9625,24,20,0.047
28,琼海,110.478,19.2431,24,热带,湿润乡村大气,24.5,86,1881,4323,2116,1018,6314,0.008,0.029,0.15,0.0355,0.199,4.1049,0.0888,6.9,1873,9625,48,20,0.0904
29,琼海,110.478,19.2431,24,热带,湿润乡村大气,24.5,86,1881,4323,2116,1018,6314,0.008,0.029,0.15,0.0355,0.199,4.1049,0.0888,6.9,1873,9625,96,20,0.3184
30,琼海,110.478,19.2431,24,热带,湿润乡村大气,24.5,86,1881,4323,2116,1018,6314,0.008,0.029,0.15,0.0355,0.199,4.1049,0.0888,6.9,1873,9625,192,20,0.5616
31,北京,116.2833,39.9833,73,温带,湿润乡村大气,12,57,552,5413,2150,1013,2358,0.022,0,0.442,0.0563,0.049,2.0295,5.6467,5.5,,,12,3C,0.0316
32,北京,116.2833,39.9833,73,温带,湿润乡村大气,12,57,552,5413,2150,1013,2358,0.022,0,0.442,0.0563,0.049,2.0295,5.6467,5.5,,,24,3C,0.0376
33,北京,116.2833,39.9833,73,温带,湿润乡村大气,12,57,552,5413,2150,1013,2358,0.022,0,0.442,0.0563,0.049,2.0295,5.6467,5.5,,,48,3C,0.0496
34,北京,116.2833,39.9833,73,温带,湿润乡村大气,12,57,552,5413,2150,1013,2358,0.022,0,0.442,0.0563,0.049,2.0295,5.6467,5.5,,,96,3C,0.1008
35,北京,116.2833,39.9833,73,温带,湿润乡村大气,12,57,552,5413,2150,1013,2358,0.022,0,0.442,0.0563,0.049,2.0295,5.6467,5.5,,,192,3C,0.0928
36,青岛,120.4277,36.0535,18,温带,海洋大气,12.5,71,643,6347,2078,1015,4049,0.038,0.013,0.704,0.0144,0.25,1.1946,2.0834,6.1,11044,81654,12,3C,0.0589
37,青岛,120.4277,36.0535,18,温带,海洋大气,12.5,71,643,6347,2078,1015,4049,0.038,0.013,0.704,0.0144,0.25,1.1946,2.0834,6.1,11044,81654,24,3C,0.0814
38,青岛,120.4277,36.0535,18,温带,海洋大气,12.5,71,643,6347,2078,1015,4049,0.038,0.013,0.704,0.0144,0.25,1.1946,2.0834,6.1,11044,81654,48,3C,0.12
39,青岛,120.4277,36.0535,18,温带,海洋大气,12.5,71,643,6347,2078,1015,4049,0.038,0.013,0.704,0.0144,0.25,1.1946,2.0834,6.1,11044,81654,96,3C,0.1912
40,青岛,120.4277,36.0535,18,温带,海洋大气,12.5,71,643,6347,2078,1015,4049,0.038,0.013,0.704,0.0144,0.25,1.1946,2.0834,6.1,11044,81654,192,3C,0.3168
41,武汉,114.2827,30.6769,23.3,亚热带,湿润城市大气,16.9,77,1234,4126,1641,1002,4871,0.089,0.004,0.272,0.0212,0.011,4.5642,14.0008,6.5,917,11390,12,3C,0.0397
42,武汉,114.2827,30.6769,23.3,亚热带,湿润城市大气,16.9,77,1234,4126,1641,1002,4871,0.089,0.004,0.272,0.0212,0.011,4.5642,14.0008,6.5,917,11390,24,3C,0.0512
43,武汉,114.2827,30.6769,23.3,亚热带,湿润城市大气,16.9,77,1234,4126,1641,1002,4871,0.089,0.004,0.272,0.0212,0.011,4.5642,14.0008,6.5,917,11390,48,3C,0.0904
44,武汉,114.2827,30.6769,23.3,亚热带,湿润城市大气,16.9,77,1234,4126,1641,1002,4871,0.089,0.004,0.272,0.0212,0.011,4.5642,14.0008,6.5,917,11390,96,3C,0.0784
45,武汉,114.2827,30.6769,23.3,亚热带,湿润城市大气,16.9,77,1234,4126,1641,1002,4871,0.089,0.004,0.272,0.0212,0.011,4.5642,14.0008,6.5,917,11390,192,3C,0.0848
46,江津,106.25,29.3167,208.6,亚热带,郊区酸雨大气,18.4,81,939,3042,1312,985,5304,0.007,0.004,0.667,0.0383,0.006,1.3351,7.1692,4.4,1994,31642,12,3C,0.0583
47,江津,106.25,29.3167,208.6,亚热带,郊区酸雨大气,18.4,81,939,3042,1312,985,5304,0.007,0.004,0.667,0.0383,0.006,1.3351,7.1692,4.4,1994,31642,24,3C,0.0948
48,江津,106.25,29.3167,208.6,亚热带,郊区酸雨大气,18.4,81,939,3042,1312,985,5304,0.007,0.004,0.667,0.0383,0.006,1.3351,7.1692,4.4,1994,31642,48,3C,0.1128
49,江津,106.25,29.3167,208.6,亚热带,郊区酸雨大气,18.4,81,939,3042,1312,985,5304,0.007,0.004,0.667,0.0383,0.006,1.3351,7.1692,4.4,1994,31642,96,3C,0.1472
50,江津,106.25,29.3167,208.6,亚热带,郊区酸雨大气,18.4,81,939,3042,1312,985,5304,0.007,0.004,0.667,0.0383,0.006,1.3351,7.1692,4.4,1994,31642,192,3C,0.2048
51,广州,113.2167,23.4667,22.8,亚热带,湿润城市大气,22.4,78,1494,4293,1636,1004,5048,0.035,0.007,0.107,0.0575,0.024,2.7042,2.9777,5.8,353,13702,12,3C,0.0503
52,广州,113.2167,23.4667,22.8,亚热带,湿润城市大气,22.4,78,1494,4293,1636,1004,5048,0.035,0.007,0.107,0.0575,0.024,2.7042,2.9777,5.8,353,13702,24,3C,0.0694
53,广州,113.2167,23.4667,22.8,亚热带,湿润城市大气,22.4,78,1494,4293,1636,1004,5048,0.035,0.007,0.107,0.0575,0.024,2.7042,2.9777,5.8,353,13702,48,3C,0.0972
54,广州,113.2167,23.4667,22.8,亚热带,湿润城市大气,22.4,78,1494,4293,1636,1004,5048,0.035,0.007,0.107,0.0575,0.024,2.7042,2.9777,5.8,353,13702,96,3C,0.1328
55,广州,113.2167,23.4667,22.8,亚热带,湿润城市大气,22.4,78,1494,4293,1636,1004,5048,0.035,0.007,0.107,0.0575,0.024,2.7042,2.9777,5.8,353,13702,192,3C,0.144
56,琼海,110.478,19.2431,24,热带,湿润乡村大气,24.5,86,1881,4323,2116,1018,6314,0.008,0.029,0.15,0.0355,0.199,4.1049,0.0888,6.9,1873,9625,12,3C,0.0282
57,琼海,110.478,19.2431,24,热带,湿润乡村大气,24.5,86,1881,4323,2116,1018,6314,0.008,0.029,0.15,0.0355,0.199,4.1049,0.0888,6.9,1873,9625,24,3C,0.0398
58,琼海,110.478,19.2431,24,热带,湿润乡村大气,24.5,86,1881,4323,2116,1018,6314,0.008,0.029,0.15,0.0355,0.199,4.1049,0.0888,6.9,1873,9625,48,3C,0.0728
59,琼海,110.478,19.2431,24,热带,湿润乡村大气,24.5,86,1881,4323,2116,1018,6314,0.008,0.029,0.15,0.0355,0.199,4.1049,0.0888,6.9,1873,9625,96,3C,0.2232
60,琼海,110.478,19.2431,24,热带,湿润乡村大气,24.5,86,1881,4323,2116,1018,6314,0.008,0.029,0.15,0.0355,0.199,4.1049,0.0888,6.9,1873,9625,192,3C,0.4
61,北京,116.2833,39.9833,73,温带,湿润乡村大气,12,57,552,5413,2150,1013,2358,0.022,0,0.442,0.0563,0.049,2.0295,5.6467,5.5,,,12,A3,0.0317
62,北京,116.2833,39.9833,73,温带,湿润乡村大气,12,57,552,5413,2150,1013,2358,0.022,0,0.442,0.0563,0.049,2.0295,5.6467,5.5,,,24,A3,0.0376
63,北京,116.2833,39.9833,73,温带,湿润乡村大气,12,57,552,5413,2150,1013,2358,0.022,0,0.442,0.0563,0.049,2.0295,5.6467,5.5,,,48,A3,0.0496
64,北京,116.2833,39.9833,73,温带,湿润乡村大气,12,57,552,5413,2150,1013,2358,0.022,0,0.442,0.0563,0.049,2.0295,5.6467,5.5,,,96,A3,0.0784
65,北京,116.2833,39.9833,73,温带,湿润乡村大气,12,57,552,5413,2150,1013,2358,0.022,0,0.442,0.0563,0.049,2.0295,5.6467,5.5,,,192,A3,0.0928
66,青岛,120.4277,36.0535,18,温带,海洋大气,12.5,71,643,6347,2078,1015,4049,0.038,0.013,0.704,0.0144,0.25,1.1946,2.0834,6.1,11044,81654,12,A3,0.0628
67,青岛,120.4277,36.0535,18,温带,海洋大气,12.5,71,643,6347,2078,1015,4049,0.038,0.013,0.704,0.0144,0.25,1.1946,2.0834,6.1,11044,81654,24,A3,0.081
68,青岛,120.4277,36.0535,18,温带,海洋大气,12.5,71,643,6347,2078,1015,4049,0.038,0.013,0.704,0.0144,0.25,1.1946,2.0834,6.1,11044,81654,48,A3,0.118
69,青岛,120.4277,36.0535,18,温带,海洋大气,12.5,71,643,6347,2078,1015,4049,0.038,0.013,0.704,0.0144,0.25,1.1946,2.0834,6.1,11044,81654,96,A3,0.1992
70,青岛,120.4277,36.0535,18,温带,海洋大气,12.5,71,643,6347,2078,1015,4049,0.038,0.013,0.704,0.0144,0.25,1.1946,2.0834,6.1,11044,81654,192,A3,0.3328
71,武汉,114.2827,30.6769,23.3,亚热带,湿润城市大气,16.9,77,1234,4126,1641,1002,4871,0.089,0.004,0.272,0.0212,0.011,4.5642,14.0008,6.5,917,11390,12,A3,0.047
72,武汉,114.2827,30.6769,23.3,亚热带,湿润城市大气,16.9,77,1234,4126,1641,1002,4871,0.089,0.004,0.272,0.0212,0.011,4.5642,14.0008,6.5,917,11390,24,A3,0.0528
73,武汉,114.2827,30.6769,23.3,亚热带,湿润城市大气,16.9,77,1234,4126,1641,1002,4871,0.089,0.004,0.272,0.0212,0.011,4.5642,14.0008,6.5,917,11390,48,A3,0.0844
74,武汉,114.2827,30.6769,23.3,亚热带,湿润城市大气,16.9,77,1234,4126,1641,1002,4871,0.089,0.004,0.272,0.0212,0.011,4.5642,14.0008,6.5,917,11390,96,A3,0.0824
75,武汉,114.2827,30.6769,23.3,亚热带,湿润城市大气,16.9,77,1234,4126,1641,1002,4871,0.089,0.004,0.272,0.0212,0.011,4.5642,14.0008,6.5,917,11390,192,A3,0.088
76,江津,106.25,29.3167,208.6,亚热带,郊区酸雨大气,18.4,81,939,3042,1312,985,5304,0.007,0.004,0.667,0.0383,0.006,1.3351,7.1692,4.4,1994,31642,12,A3,0.069
77,江津,106.25,29.3167,208.6,亚热带,郊区酸雨大气,18.4,81,939,3042,1312,985,5304,0.007,0.004,0.667,0.0383,0.006,1.3351,7.1692,4.4,1994,31642,24,A3,0.1056
78,江津,106.25,29.3167,208.6,亚热带,郊区酸雨大气,18.4,81,939,3042,1312,985,5304,0.007,0.004,0.667,0.0383,0.006,1.3351,7.1692,4.4,1994,31642,48,A3,0.1296
79,江津,106.25,29.3167,208.6,亚热带,郊区酸雨大气,18.4,81,939,3042,1312,985,5304,0.007,0.004,0.667,0.0383,0.006,1.3351,7.1692,4.4,1994,31642,96,A3,0.1736
80,江津,106.25,29.3167,208.6,亚热带,郊区酸雨大气,18.4,81,939,3042,1312,985,5304,0.007,0.004,0.667,0.0383,0.006,1.3351,7.1692,4.4,1994,31642,192,A3,0.2256
81,广州,113.2167,23.4667,22.8,亚热带,湿润城市大气,22.4,78,1494,4293,1636,1004,5048,0.035,0.007,0.107,0.0575,0.024,2.7042,2.9777,5.8,353,13702,12,A3,0.0565
82,广州,113.2167,23.4667,22.8,亚热带,湿润城市大气,22.4,78,1494,4293,1636,1004,5048,0.035,0.007,0.107,0.0575,0.024,2.7042,2.9777,5.8,353,13702,24,A3,0.0732
83,广州,113.2167,23.4667,22.8,亚热带,湿润城市大气,22.4,78,1494,4293,1636,1004,5048,0.035,0.007,0.107,0.0575,0.024,2.7042,2.9777,5.8,353,13702,48,A3,0.102
84,广州,113.2167,23.4667,22.8,亚热带,湿润城市大气,22.4,78,1494,4293,1636,1004,5048,0.035,0.007,0.107,0.0575,0.024,2.7042,2.9777,5.8,353,13702,96,A3,0.132
85,广州,113.2167,23.4667,22.8,亚热带,湿润城市大气,22.4,78,1494,4293,1636,1004,5048,0.035,0.007,0.107,0.0575,0.024,2.7042,2.9777,5.8,353,13702,192,A3,0.176
86,琼海,110.478,19.2431,24,热带,湿润乡村大气,24.5,86,1881,4323,2116,1018,6314,0.008,0.029,0.15,0.0355,0.199,4.1049,0.0888,6.9,1873,9625,12,A3,0.0287
87,琼海,110.478,19.2431,24,热带,湿润乡村大气,24.5,86,1881,4323,2116,1018,6314,0.008,0.029,0.15,0.0355,0.199,4.1049,0.0888,6.9,1873,9625,24,A3,0.035
88,琼海,110.478,19.2431,24,热带,湿润乡村大气,24.5,86,1881,4323,2116,1018,6314,0.008,0.029,0.15,0.0355,0.199,4.1049,0.0888,6.9,1873,9625,48,A3,0.0704
89,琼海,110.478,19.2431,24,热带,湿润乡村大气,24.5,86,1881,4323,2116,1018,6314,0.008,0.029,0.15,0.0355,0.199,4.1049,0.0888,6.9,1873,9625,96,A3,0.2184
90,琼海,110.478,19.2431,24,热带,湿润乡村大气,24.5,86,1881,4323,2116,1018,6314,0.008,0.029,0.15,0.0355,0.199,4.1049,0.0888,6.9,1873,9625,192,A3,0.4432
91,北京,116.2833,39.9833,73,温带,湿润乡村大气,12,57,552,5413,2150,1013,2358,0.022,0,0.442,0.0563,0.049,2.0295,5.6467,5.5,,,12,Q235(RE),0.0457
92,北京,116.2833,39.9833,73,温带,湿润乡村大气,12,57,552,5413,2150,1013,2358,0.022,0,0.442,0.0563,0.049,2.0295,5.6467,5.5,,,24,Q235(RE),0.0564
93,北京,116.2833,39.9833,73,温带,湿润乡村大气,12,57,552,5413,2150,1013,2358,0.022,0,0.442,0.0563,0.049,2.0295,5.6467,5.5,,,48,Q235(RE),0.0716
94,青岛,120.4277,36.0535,18,温带,海洋大气,12.5,71,643,6347,2078,1015,4049,0.038,0.013,0.704,0.0144,0.25,1.1946,2.0834,6.1,11044,81654,12,Q235(RE),0.0832
95,青岛,120.4277,36.0535,18,温带,海洋大气,12.5,71,643,6347,2078,1015,4049,0.038,0.013,0.704,0.0144,0.25,1.1946,2.0834,6.1,11044,81654,24,Q235(RE),0.127
96,青岛,120.4277,36.0535,18,温带,海洋大气,12.5,71,643,6347,2078,1015,4049,0.038,0.013,0.704,0.0144,0.25,1.1946,2.0834,6.1,11044,81654,48,Q235(RE),0.1892
97,武汉,114.2827,30.6769,23.3,亚热带,湿润城市大气,16.9,77,1234,4126,1641,1002,4871,0.089,0.004,0.272,0.0212,0.011,4.5642,14.0008,6.5,917,11390,12,Q235(RE),0.0446
98,武汉,114.2827,30.6769,23.3,亚热带,湿润城市大气,16.9,77,1234,4126,1641,1002,4871,0.089,0.004,0.272,0.0212,0.011,4.5642,14.0008,6.5,917,11390,24,Q235(RE),0.046
99,武汉,114.2827,30.6769,23.3,亚热带,湿润城市大气,16.9,77,1234,4126,1641,1002,4871,0.089,0.004,0.272,0.0212,0.011,4.5642,14.0008,6.5,917,11390,48,Q235(RE),0.0572
100,江津,106.25,29.3167,208.6,亚热带,郊区酸雨大气,18.4,81,939,3042,1312,985,5304,0.007,0.004,0.667,0.0383,0.006,1.3351,7.1692,4.4,1994,31642,12,Q235(RE),0.1321
101,江津,106.25,29.3167,208.6,亚热带,郊区酸雨大气,18.4,81,939,3042,1312,985,5304,0.007,0.004,0.667,0.0383,0.006,1.3351,7.1692,4.4,1994,31642,24,Q235(RE),0.175
102,江津,106.25,29.3167,208.6,亚热带,郊区酸雨大气,18.4,81,939,3042,1312,985,5304,0.007,0.004,0.667,0.0383,0.006,1.3351,7.1692,4.4,1994,31642,48,Q235(RE),0.2124
103,广州,113.2167,23.4667,22.8,亚热带,湿润城市大气,22.4,78,1494,4293,1636,1004,5048,0.035,0.007,0.107,0.0575,0.024,2.7042,2.9777,5.8,353,13702,12,Q235(RE),0.0688
104,广州,113.2167,23.4667,22.8,亚热带,湿润城市大气,22.4,78,1494,4293,1636,1004,5048,0.035,0.007,0.107,0.0575,0.024,2.7042,2.9777,5.8,353,13702,24,Q235(RE),0.091
105,广州,113.2167,23.4667,22.8,亚热带,湿润城市大气,22.4,78,1494,4293,1636,1004,5048,0.035,0.007,0.107,0.0575,0.024,2.7042,2.9777,5.8,353,13702,48,Q235(RE),0.1244
106,琼海,110.478,19.2431,24,热带,湿润乡村大气,24.5,86,1881,4323,2116,1018,6314,0.008,0.029,0.15,0.0355,0.199,4.1049,0.0888,6.9,1873,9625,12,Q235(RE),0.0383
107,琼海,110.478,19.2431,24,热带,湿润乡村大气,24.5,86,1881,4323,2116,1018,6314,0.008,0.029,0.15,0.0355,0.199,4.1049,0.0888,6.9,1873,9625,24,Q235(RE),0.056
108,琼海,110.478,19.2431,24,热带,湿润乡村大气,24.5,86,1881,4323,2116,1018,6314,0.008,0.029,0.15,0.0355,0.199,4.1049,0.0888,6.9,1873,9625,48,Q235(RE),0.0864
109,万宁,110.5124,18.9677,12.3,热带,海洋大气,24.6,86,1563,4826,2043,1009,6736,0.005,0,0.06,0.0051,0.387,1.2848,0.7719,5,11229,3552,12,Q235(RE),0.0461
110,万宁,110.5124,18.9677,12.3,热带,海洋大气,24.6,86,1563,4826,2043,1009,6736,0.005,0,0.06,0.0051,0.387,1.2848,0.7719,5,11229,3552,24,Q235(RE),0.095
111,万宁,110.5124,18.9677,12.3,热带,海洋大气,24.6,86,1563,4826,2043,1009,6736,0.005,0,0.06,0.0051,0.387,1.2848,0.7719,5,11229,3552,48,Q235(RE),0.344
112,北京,116.2833,39.9833,73,温带,湿润乡村大气,12,57,552,5413,2150,1013,2358,0.022,0,0.442,0.0563,0.049,2.0295,5.6467,5.5,,,12,Q235-1,0.0491
113,北京,116.2833,39.9833,73,温带,湿润乡村大气,12,57,552,5413,2150,1013,2358,0.022,0,0.442,0.0563,0.049,2.0295,5.6467,5.5,,,24,Q235-1,0.0612
114,北京,116.2833,39.9833,73,温带,湿润乡村大气,12,57,552,5413,2150,1013,2358,0.022,0,0.442,0.0563,0.049,2.0295,5.6467,5.5,,,48,Q235-1,0.082
115,青岛,120.4277,36.0535,18,温带,海洋大气,12.5,71,643,6347,2078,1015,4049,0.038,0.013,0.704,0.0144,0.25,1.1946,2.0834,6.1,11044,81654,12,Q235-1,0.0878
116,青岛,120.4277,36.0535,18,温带,海洋大气,12.5,71,643,6347,2078,1015,4049,0.038,0.013,0.704,0.0144,0.25,1.1946,2.0834,6.1,11044,81654,24,Q235-1,0.133
117,青岛,120.4277,36.0535,18,温带,海洋大气,12.5,71,643,6347,2078,1015,4049,0.038,0.013,0.704,0.0144,0.25,1.1946,2.0834,6.1,11044,81654,48,Q235-1,0.2092
118,武汉,114.2827,30.6769,23.3,亚热带,湿润城市大气,16.9,77,1234,4126,1641,1002,4871,0.089,0.004,0.272,0.0212,0.011,4.5642,14.0008,6.5,917,11390,12,Q235-1,0.0463
119,武汉,114.2827,30.6769,23.3,亚热带,湿润城市大气,16.9,77,1234,4126,1641,1002,4871,0.089,0.004,0.272,0.0212,0.011,4.5642,14.0008,6.5,917,11390,24,Q235-1,0.054
120,武汉,114.2827,30.6769,23.3,亚热带,湿润城市大气,16.9,77,1234,4126,1641,1002,4871,0.089,0.004,0.272,0.0212,0.011,4.5642,14.0008,6.5,917,11390,48,Q235-1,0.06
121,江津,106.25,29.3167,208.6,亚热带,郊区酸雨大气,18.4,81,939,3042,1312,985,5304,0.007,0.004,0.667,0.0383,0.006,1.3351,7.1692,4.4,1994,31642,12,Q235-1,0.1541
122,江津,106.25,29.3167,208.6,亚热带,郊区酸雨大气,18.4,81,939,3042,1312,985,5304,0.007,0.004,0.667,0.0383,0.006,1.3351,7.1692,4.4,1994,31642,24,Q235-1,0.23
123,江津,106.25,29.3167,208.6,亚热带,郊区酸雨大气,18.4,81,939,3042,1312,985,5304,0.007,0.004,0.667,0.0383,0.006,1.3351,7.1692,4.4,1994,31642,48,Q235-1,0.2624
124,广州,113.2167,23.4667,22.8,亚热带,湿润城市大气,22.4,78,1494,4293,1636,1004,5048,0.035,0.007,0.107,0.0575,0.024,2.7042,2.9777,5.8,353,13702,12,Q235-1,0.0719
125,广州,113.2167,23.4667,22.8,亚热带,湿润城市大气,22.4,78,1494,4293,1636,1004,5048,0.035,0.007,0.107,0.0575,0.024,2.7042,2.9777,5.8,353,13702,24,Q235-1,0.1
126,广州,113.2167,23.4667,22.8,亚热带,湿润城市大气,22.4,78,1494,4293,1636,1004,5048,0.035,0.007,0.107,0.0575,0.024,2.7042,2.9777,5.8,353,13702,48,Q235-1,0.1232
127,琼海,110.478,19.2431,24,热带,湿润乡村大气,24.5,86,1881,4323,2116,1018,6314,0.008,0.029,0.15,0.0355,0.199,4.1049,0.0888,6.9,1873,9625,12,Q235-1,0.0411
128,琼海,110.478,19.2431,24,热带,湿润乡村大气,24.5,86,1881,4323,2116,1018,6314,0.008,0.029,0.15,0.0355,0.199,4.1049,0.0888,6.9,1873,9625,24,Q235-1,0.059
129,琼海,110.478,19.2431,24,热带,湿润乡村大气,24.5,86,1881,4323,2116,1018,6314,0.008,0.029,0.15,0.0355,0.199,4.1049,0.0888,6.9,1873,9625,48,Q235-1,0.0916
130,万宁,110.5124,18.9677,12.3,热带,海洋大气,24.6,86,1563,4826,2043,1009,6736,0.005,0,0.06,0.0051,0.387,1.2848,0.7719,5,11229,3552,12,Q235-1,0.0483
131,万宁,110.5124,18.9677,12.3,热带,海洋大气,24.6,86,1563,4826,2043,1009,6736,0.005,0,0.06,0.0051,0.387,1.2848,0.7719,5,11229,3552,24,Q235-1,0.108
132,万宁,110.5124,18.9677,12.3,热带,海洋大气,24.6,86,1563,4826,2043,1009,6736,0.005,0,0.06,0.0051,0.387,1.2848,0.7719,5,11229,3552,48,Q235-1,0.3772
133,北京,116.2833,39.9833,73,温带,湿润乡村大气,12,57,552,5413,2150,1013,2358,0.022,0,0.442,0.0563,0.049,2.0295,5.6467,5.5,,,12,Q235-2,0.0432
134,北京,116.2833,39.9833,73,温带,湿润乡村大气,12,57,552,5413,2150,1013,2358,0.022,0,0.442,0.0563,0.049,2.0295,5.6467,5.5,,,24,Q235-2,0.0592
135,北京,116.2833,39.9833,73,温带,湿润乡村大气,12,57,552,5413,2150,1013,2358,0.022,0,0.442,0.0563,0.049,2.0295,5.6467,5.5,,,48,Q235-2,0.0752
136,青岛,120.4277,36.0535,18,温带,海洋大气,12.5,71,643,6347,2078,1015,4049,0.038,0.013,0.704,0.0144,0.25,1.1946,2.0834,6.1,11044,81654,12,Q235-2,0.0874
137,青岛,120.4277,36.0535,18,温带,海洋大气,12.5,71,643,6347,2078,1015,4049,0.038,0.013,0.704,0.0144,0.25,1.1946,2.0834,6.1,11044,81654,24,Q235-2,0.13
138,青岛,120.4277,36.0535,18,温带,海洋大气,12.5,71,643,6347,2078,1015,4049,0.038,0.013,0.704,0.0144,0.25,1.1946,2.0834,6.1,11044,81654,48,Q235-2,0.2076
139,武汉,114.2827,30.6769,23.3,亚热带,湿润城市大气,16.9,77,1234,4126,1641,1002,4871,0.089,0.004,0.272,0.0212,0.011,4.5642,14.0008,6.5,917,11390,12,Q235-2,0.0342
140,江津,106.25,29.3167,208.6,亚热带,郊区酸雨大气,18.4,81,939,3042,1312,985,5304,0.007,0.004,0.667,0.0383,0.006,1.3351,7.1692,4.4,1994,31642,12,Q235-2,0.0856
141,江津,106.25,29.3167,208.6,亚热带,郊区酸雨大气,18.4,81,939,3042,1312,985,5304,0.007,0.004,0.667,0.0383,0.006,1.3351,7.1692,4.4,1994,31642,24,Q235-2,0.1064
142,江津,106.25,29.3167,208.6,亚热带,郊区酸雨大气,18.4,81,939,3042,1312,985,5304,0.007,0.004,0.667,0.0383,0.006,1.3351,7.1692,4.4,1994,31642,48,Q235-2,0.1516
143,广州,113.2167,23.4667,22.8,亚热带,湿润城市大气,22.4,78,1494,4293,1636,1004,5048,0.035,0.007,0.107,0.0575,0.024,2.7042,2.9777,5.8,353,13702,12,Q235-2,0.0572
144,广州,113.2167,23.4667,22.8,亚热带,湿润城市大气,22.4,78,1494,4293,1636,1004,5048,0.035,0.007,0.107,0.0575,0.024,2.7042,2.9777,5.8,353,13702,24,Q235-2,0.0794
145,广州,113.2167,23.4667,22.8,亚热带,湿润城市大气,22.4,78,1494,4293,1636,1004,5048,0.035,0.007,0.107,0.0575,0.024,2.7042,2.9777,5.8,353,13702,48,Q235-2,0.1048
146,琼海,110.478,19.2431,24,热带,湿润乡村大气,24.5,86,1881,4323,2116,1018,6314,0.008,0.029,0.15,0.0355,0.199,4.1049,0.0888,6.9,1873,9625,12,Q235-2,0.0339
147,琼海,110.478,19.2431,24,热带,湿润乡村大气,24.5,86,1881,4323,2116,1018,6314,0.008,0.029,0.15,0.0355,0.199,4.1049,0.0888,6.9,1873,9625,24,Q235-2,0.051
148,琼海,110.478,19.2431,24,热带,湿润乡村大气,24.5,86,1881,4323,2116,1018,6314,0.008,0.029,0.15,0.0355,0.199,4.1049,0.0888,6.9,1873,9625,48,Q235-2,0.076
149,万宁,110.5124,18.9677,12.3,热带,海洋大气,24.6,86,1563,4826,2043,1009,6736,0.005,0,0.06,0.0051,0.387,1.2848,0.7719,5,11229,3552,12,Q235-2,0.0565
150,万宁,110.5124,18.9677,12.3,热带,海洋大气,24.6,86,1563,4826,2043,1009,6736,0.005,0,0.06,0.0051,0.387,1.2848,0.7719,5,11229,3552,24,Q235-2,0.117
151,万宁,110.5124,18.9677,12.3,热带,海洋大气,24.6,86,1563,4826,2043,1009,6736,0.005,0,0.06,0.0051,0.387,1.2848,0.7719,5,11229,3552,48,Q235-2,0.5844
152,北京,116.2833,39.9833,73,温带,湿润乡村大气,11.5,78,619.9,5413,2591.5,1013,,0.0836,0.0533,0.1317,0.0563,0.0542,2.0295,5.6467,6.5,,,12,Q235,0.045
153,北京,116.2833,39.9833,73,温带,湿润乡村大气,11.5,78,619.9,5413,2591.5,1013,,0.0836,0.0533,0.1317,0.0563,0.0542,2.0295,5.6467,6.5,,,24,Q235,0.104
154,敦煌,94.5385,40.076,1199,暖温带,干热沙漠大气,10.8,38,39,6425,3257.8,880.6,,0.0662,0.2253,0.2831,0.0056,0.4741,5.0948,4.531,7.16,,,12,Q235,0.004
155,敦煌,94.5385,40.076,1199,暖温带,干热沙漠大气,10.8,38,39,6425,3257.8,880.6,,0.0662,0.2253,0.2831,0.0056,0.4741,5.0948,4.531,7.16,,,24,Q235,0.01
156,广州,113.2167,23.4667,22.8,亚热带,湿润城市大气,23.5,78,1945.5,4293,1395,1004.3,,0.0404,0.0325,0.0291,0.0575,0.0316,2.7042,2.9777,6.7,,,12,Q235,0.053
157,广州,113.2167,23.4667,22.8,亚热带,湿润城市大气,23.5,78,1945.5,4293,1395,1004.3,,0.0404,0.0325,0.0291,0.0575,0.0316,2.7042,2.9777,6.7,,,24,Q235,0.076
158,江津,106.25,29.3167,208.6,亚热带,郊区酸雨大气,19.2,80,905.9,3042,1214,985.2,,0.044,0.0134,0.713,0.0383,0.0057,1.3351,7.1692,5.4,,,12,Q235,0.088
159,江津,106.25,29.3167,208.6,亚热带,郊区酸雨大气,19.2,80,905.9,3042,1214,985.2,,0.044,0.0134,0.713,0.0383,0.0057,1.3351,7.1692,5.4,,,24,Q235,0.098
160,尉犁,86.2628,41.3473,884.9,暖温带,盐渍沙漠大气,10.2,48,30.7,5621,3205,910.2,,0.0359,0.0726,0.9613,0.0042,0.0289,1.7002,9.5184,,,,12,Q235,0.01
161,尉犁,86.2628,41.3473,884.9,暖温带,盐渍沙漠大气,10.2,48,30.7,5621,3205,910.2,,0.0359,0.0726,0.9613,0.0042,0.0289,1.7002,9.5184,,,,24,Q235,0.016
162,拉萨,91.2917,29.6774,3684,暖温带,高原乡村大气,7.5,46,444.8,7600,3047,650.3,,0.0045,0,0.0616,0.0153,0.004,0.6531,7.1942,6.5,,,12,Q235,0.002
163,拉萨,91.2917,29.6774,3684,暖温带,高原乡村大气,7.5,46,444.8,7600,3047,650.3,,0.0045,0,0.0616,0.0153,0.004,0.6531,7.1942,6.5,,,24,Q235,0.046
164,漠河,122.3833,53.0167,613,寒带,森林大气,-1.7,64,486.4,5243,2400,941.5,,0.0011,0.0382,,0.0269,,,,,,,12,Q235,0.006
165,漠河,122.3833,53.0167,613,寒带,森林大气,-1.7,64,486.4,5243,2400,941.5,,0.0011,0.0382,,0.0269,,,,,,,24,Q235,0.01
166,青岛,120.4277,36.0535,18,温带,海洋大气,12.3,72,600,6347,2100,1015.2,,0.0666,0.0233,0.0907,0.0144,0.1482,1.1946,2.0834,5.2,,,12,Q235,0.079
167,青岛,120.4277,36.0535,18,温带,海洋大气,12.3,72,600,6347,2100,1015.2,,0.0666,0.0233,0.0907,0.0144,0.1482,1.1946,2.0834,5.2,,,24,Q235,0.104
168,琼海,110.478,19.2431,24,热带,湿润乡村大气,25.3,85,1935,4323,1944,1018.3,,0.0216,0.0203,0.0663,0.0355,0.0315,4.1049,0.08876,6.3,,,12,Q235,0.036
169,琼海,110.478,19.2431,24,热带,湿润乡村大气,25.3,85,1935,4323,1944,1018.3,,0.0216,0.0203,0.0663,0.0355,0.0315,4.1049,0.08876,6.3,,,24,Q235,0.054
170,沈阳,123.4428,41.7631,41.6,暖温带,湿润城市大气,9.6,64,525,3788,2390,1014.9,,0.0544,0.0914,0.6469,0.1564,0.0054,7.0475,16.4164,6.4,,,12,Q235,0.037
171,沈阳,123.4428,41.7631,41.6,暖温带,湿润城市大气,9.6,64,525,3788,2390,1014.9,,0.0544,0.0914,0.6469,0.1564,0.0054,7.0475,16.4164,6.4,,,24,Q235,0.044
172,万宁,110.5124,18.9677,12.3,热带,海洋大气,24.6,86,1515,4826,2154,1009,,0.0085,0.0052,0.0306,0.0051,0.7305,1.2848,0.7719,6.1,,,12,Q235,0.386
173,万宁,110.5124,18.9677,12.3,热带,海洋大气,24.6,86,1515,4826,2154,1009,,0.0085,0.0052,0.0306,0.0051,0.7305,1.2848,0.7719,6.1,,,24,Q235,1.02
174,武汉,114.2827,30.6769,23.3,亚热带,湿润城市大气,16.8,75,1434,4126,2093,1002,,0.1419,0.0562,0.6002,0.0212,0.0217,4.5642,14.0008,6.8,,,12,Q235,0.058
175,武汉,114.2827,30.6769,23.3,亚热带,湿润城市大气,16.8,75,1434,4126,2093,1002,,0.1419,0.0562,0.6002,0.0212,0.0217,4.5642,14.0008,6.8,,,24,Q235,0.076
176,西双版纳,110.6801,21.5793,626,热带,雨林大气,21.6,83,1713,4824,1716,935.6,,,,0.0329,0.0297,0.0048,,,6.2,,,12,Q235,0.019
177,西双版纳,110.6801,21.5793,626,热带,雨林大气,21.6,83,1713,4824,1716,935.6,,,,0.0329,0.0297,0.0048,,,6.2,,,24,Q235,0.026
178,山东,117.994343,37.543929,,暖温带,乡村,12.7,66,564.8,6727.68,2632,,,,,,,,,,,,,12,Q235,0.0214
179,山东,117.362116,37.497883,,暖温带,乡村,12.4,66,593.1,6845.94,2640.4,,,,,,,,,,,,,12,Q235,0.0208
180,山东,117.705063,37.947624,,暖温带,乡村,12.5,66,580.5,6885.36,2670.8,,,,,,,,,,,,,12,Q235,0.0215
181,山东,118.251164,37.815975,,暖温带,乡村,12,66,575.5,6767.1,2690.3,,,,,,,,,,,,,12,Q235,0.0193
182,山东,116.580484,37.396505,,暖温带,工业污染,12.7,67,570.2,6793.38,2647.2,,,,,,,,,,,,,11,Q235,0.0171
183,山东,116.817865,37.647371,,暖温带,工业污染,12.5,67,521,6819.66,2658.6,,,,,,,,,,,,,12,Q235,0.0184
184,山东,116.721172,36.721624,,暖温带,乡村,12.7,67,556.8,6583.14,2685.5,,,,,,,,,,,,,12,Q235,0.0192
185,山东,117.36293,37.749763,,暖温带,乡村,12.4,67,566.7,6832.8,2577.6,,,,,,,,,,,,,12,Q235,0.02
186,山东,116.036345,37.195978,,暖温带,工业污染,13,67,486.5,6767.1,2488,,,,,,,,,,,,,12,Q235,0.017
187,山东,116.706179,37.111498,,暖温带,乡村,13.3,67,555.5,6596.28,2546.2,,,,,,,,,,,,,11,Q235,0.0199
188,山东,118.526823,37.334879,,暖温带,乡村,12.8,66,555.9,6740.82,2548.1,,,,,,,,,,,,,12,Q235,0.0223
189,山东,118.640257,37.926426,,暖温带,沿海,14.2,66,656.4,6740.82,2507.4,,,,,,,,,,,,,12,Q235,0.0294
190,山东,118.762732,37.466093,,暖温带,工业污染,13.3,66,571.4,6753.96,2479.7,,,,,,,,,,,,,12,Q235,0.0217
191,山东,118.909168,38.103315,,暖温带,工业污染,12.8,66,555.9,6740.82,2358.6,,,,,,,,,,,,,12,Q235,0.0249
192,山东,118.40856,37.090525,,暖温带,乡村,12.8,66,555.9,6740.82,2358.6,,,,,,,,,,,,,12,Q235,0.0459
193,山东,115.55592,34.875309,,暖温带,乡村,14.3,73,678.4,5702.76,2147.6,,,,,,,,,,,,,12,Q235,0.0147
194,山东,116.139542,34.798754,,暖温带,工业污染,13.9,73,737.1,5821.02,2235.7,,,,,,,,,,,,,12,Q235,0.0142
195,山东,115.521439,35.154528,,暖温带,乡村,13.9,73,663,6070.68,2235.7,,,,,,,,,,,,,12,Q235,0.0156
196,山东,115.239685,35.295687,,暖温带,工业污染,15.5,73,674.9,6096.96,2140.4,,,,,,,,,,,,,12,Q235,0.016
197,山东,116.016901,35.229847,,暖温带,工业污染,13.8,73,689.7,6110.1,2385.5,,,,,,,,,,,,,12,Q235,0.0158
198,山东,115.552259,35.523577,,暖温带,乡村,13.5,73,677.6,6123.24,2534.3,,,,,,,,,,,,,12,Q235,0.017
199,山东,116.005276,35.489307,,暖温带,乡村,13.5,73,694.7,6123.24,2479.7,,,,,,,,,,,,,12,Q235,0.0178
200,山东,117.162523,37.053465,,暖温带,工业污染,12.8,67,623.1,6609.42,2534.3,,,,,,,,,,,,,12,Q235,0.0161
201,山东,117.411093,37.191813,,暖温带,乡村,12.8,67,623.1,6609.42,2534.3,,,,,,,,,,,,,12,Q235,0.0177
202,山东,117.301338,36.768394,,暖温带,工业污染,14.3,67,665.7,6570,2486.2,,,,,,,,,,,,,12,Q235,0.0203
203,山东,117.149136,37.356867,,暖温带,乡村,12.6,67,591.1,6832.8,2737.4,,,,,,,,,,,,,12,Q235,0.0225
204,山东,116.689097,36.458746,,暖温带,乡村,13.8,67,623.1,6556.86,1870.9,,,,,,,,,,,,,12,Q235,0.0095
205,山东,116.372517,35.133314,,暖温带,工业污染,13.8,67,694.5,6083.82,2686.1,,,,,,,,,,,,,12,Q235,0.0206
206,山东,116.11548,35.764174,,暖温带,工业污染,13.5,67,601,6149.52,2701.6,,,,,,,,,,,,,12,Q235,0.0122
207,山东,116.554312,35.398739,,暖温带,乡村,13.6,67,680,6110.1,2698.6,,,,,,,,,,,,,12,Q235,0.0163
208,山东,116.503182,35.580549,,暖温带,乡村,13.8,67,628,6149.52,2701.6,,,,,,,,,,,,,12,Q235,0.0165
209,山东,116.883949,35.319935,,暖温带,乡村,14.9,67,686.5,6110.1,2282.2,,,,,,,,,,,,,12,Q235,0.0176
210,山东,117.809221,36.115068,,暖温带,乡村,13.7,67,695,6517.44,2443.8,,,,,,,,,,,,,12,Q235,0.0308
211,山东,117.869549,36.129337,,暖温带,乡村,13.7,67,695,6517.44,2443.8,,,,,,,,,,,,,12,Q235,0.0169
212,山东,117.766262,36.112982,,暖温带,工业污染,13.7,67,695,6517.44,2443.8,,,,,,,,,,,,,12,Q235,0.0175
213,山东,117.615667,36.209961,,暖温带,工业污染,13,67,695.1,6517.44,2443.8,,,,,,,,,,,,,12,Q235,0.0343
214,山东,117.699225,36.153433,,暖温带,工业污染,13.5,67,695,6517.44,2443.8,,,,,,,,,,,,,12,Q235,0.0199
215,山东,116.279394,36.385666,,暖温带,乡村,14.5,66,556.9,6530.58,2288.2,,,,,,,,,,,,,12,Q235,0.0201
216,山东,115.908104,36.567156,,暖温带,工业污染,13.3,66,610,6464.88,2558.6,,,,,,,,,,,,,12,Q235,0.0042
217,山东,116.041159,36.860285,,暖温带,乡村,13.5,66,624.5,6583.14,2259.6,,,,,,,,,,,,,12,Q235,0.0173
218,山东,115.676609,34.961288,,暖温带,乡村,13.6,66,610.2,6491.16,2376.4,,,,,,,,,,,,,12,Q235,0.0191
219,山东,115.848665,36.125269,,暖温带,工业污染,13.8,66,588.6,6425.46,2385.5,,,,,,,,,,,,,12,Q235,0.0188
220,山东,119.029186,35.373278,,暖温带,乡村,13.5,72,620.4,6228.36,2502.6,,,,,,,,,,,,,12,Q235,0.0193
221,山东,118.85454,35.202419,,暖温带,乡村,13.5,72,620.4,6228.36,2502.6,,,,,,,,,,,,,12,Q235,0.0186
222,山东,118.151264,34.835585,,暖温带,工业污染,13.5,72,835.3,5939.28,1986.3,,,,,,,,,,,,,12,Q235,0.019
223,山东,118.318754,34.966585,,暖温带,乡村,12.6,72,788.6,6215.22,2564.3,,,,,,,,,,,,,12,Q235,0.0211
224,山东,117.963873,35.679001,,暖温带,工业污染,12.8,72,820,6333.48,2577.8,,,,,,,,,,,,,12,Q235,0.0152
225,山东,117.751762,35.477348,,暖温带,乡村,12.6,72,800,6307.2,2580.5,,,,,,,,,,,,,12,Q235,0.0207
226,山东,118.786463,36.059633,,暖温带,乡村,12.6,72,800,6294.06,2580.5,,,,,,,,,,,,,12,Q235,0.0181
227,山东,118.561348,35.795818,,暖温带,乡村,12.6,72,800,6294.06,2580.5,,,,,,,,,,,,,12,Q235,0.0177
228,山东,116.260803,35.540567,,暖温带,沿海,12.5,73,696.6,6346.62,2558.6,,,,,,,,,,,,,12,Q235,0.0187
229,山东,119.929882,36.028942,,暖温带,沿海,12.5,73,696.6,6346.62,2558.6,,,,,,,,,,,,,12,Q235,0.0181
230,山东,119.882967,36.314514,,暖温带,沿海,13.6,73,485.4,6346.62,2170.5,,,,,,,,,,,,,12,Q235,0.0193
231,山东,120.545248,36.71475,,暖温带,乡村,11.7,73,635.8,6425.46,2384.3,,,,,,,,,,,,,12,Q235,0.0198
232,山东,120.326862,36.429377,,暖温带,沿海,14.2,73,665.2,6346.62,2281.4,,,,,,,,,,,,,12,Q235,0.018
233,山东,119.8962,36.699682,,暖温带,沿海,11.9,73,680,6491.16,2700,,,,,,,,,,,,,12,Q235,0.0199
234,山东,120.344473,36.128687,,暖温带,沿海,13,73,664.1,6346.62,2483.3,,,,,,,,,,,,,12,Q235,0.0138
235,山东,119.491728,35.384853,,暖温带,沿海,12.6,72,916,6018.12,2532.9,,,,,,,,,,,,,12,Q235,0.0161
236,山东,119.263582,35.528503,,暖温带,沿海,12.6,72,916,6018.12,2532.9,,,,,,,,,,,,,12,Q235,0.0186
237,山东,118.92063,35.778904,,暖温带,乡村,12.1,72,837.5,6267.78,2506.8,,,,,,,,,,,,,12,Q235,0.0173
238,山东,119.226528,35.248476,,暖温带,沿海,13.2,72,897,6018.12,2512.2,,,,,,,,,,,,,12,Q235,0.0209
239,山东,119.312975,35.136261,,暖温带,沿海,12.7,72,874,6018.12,2533,,,,,,,,,,,,,12,Q235,0.0229
240,山东,117.14855,36.10531,,暖温带,乡村,12.8,67,760.3,6517.44,2612.2,,,,,,,,,,,,,12,Q235,0.0168
241,山东,116.299103,36.005392,,暖温带,潮湿,12.4,67,722.5,6162.66,2483,,,,,,,,,,,,,12,Q235,0.0168
242,山东,116.670662,36.205536,,暖温带,乡村,13.2,67,699.4,6517.44,2524,,,,,,,,,,,,,12,Q235,0.0185
243,山东,116.748318,35.933067,,暖温带,乡村,13.2,67,699.4,6517.44,2524,,,,,,,,,,,,,12,Q235,0.0155
244,山东,117.638056,35.834255,,暖温带,乡村,13.6,67,730.2,6359.76,2548.2,,,,,,,,,,,,,12,Q235,0.0179
245,山东,122.405806,37.186533,,暖温带,沿海,11.3,66,711.8,6859.08,2578.5,,,,,,,,,,,,,12,Q235,0.0191
246,山东,122.362568,36.947021,,暖温带,沿海,11.3,66,711.8,6859.08,2578.5,,,,,,,,,,,,,12,Q235,0.0204
247,山东,121.589134,36.868315,,暖温带,沿海,12.4,66,750.8,6307.2,2619.5,,,,,,,,,,,,,12,Q235,0.0163
248,山东,122.042862,37.5166,,暖温带,沿海,12.4,66,750.8,6898.5,2619.5,,,,,,,,,,,,,11,Q235,0.0149
249,山东,122.52491,37.356735,,暖温带,沿海,12.4,66,750.8,6898.5,2619.5,,,,,,,,,,,,,12,Q235,0.0217
250,山东,118.930811,36.36202,,暖温带,乡村,12.7,66,907.3,6530.58,2339.1,,,,,,,,,,,,,12,Q235,0.0177
251,山东,119.38415,36.88365,,暖温带,乡村,12.7,66,907.3,6504.3,2339.1,,,,,,,,,,,,,12,Q235,0.0233
252,山东,119.83132,36.632927,,暖温带,乡村,12.7,66,664,6451.74,2548.8,,,,,,,,,,,,,12,Q235,0.0197
253,山东,118.614658,36.746061,,暖温带,工业污染,12.7,66,664,6478.02,2548.8,,,,,,,,,,,,,12,Q235,0.0202
254,山东,118.97876,37.059191,,暖温带,乡村,12.7,66,593.8,6543.72,2548.8,,,,,,,,,,,,,12,Q235,0.0234
255,山东,119.337969,35.955776,,暖温带,乡村,13.2,66,741.8,6517.44,2402.9,,,,,,,,,,,,,12,Q235,0.0184
256,山东,119.369064,36.202101,,暖温带,乡村,13.2,66,741.8,6517.44,2402.9,,,,,,,,,,,,,12,Q235,0.0221
257,山东,121.051201,37.687408,,暖温带,沿海,12.5,64,737,6701.4,2765,,,,,,,,,,,,,12,Q235,0.0189
258,山东,121.161226,36.722139,,暖温带,沿海,12,64,695.7,6570,2765,,,,,,,,,,,,,12,Q235,0.0186
259,山东,120.841309,37.041994,,暖温带,乡村,11.2,73,800,6438.6,2996,,,,,,,,,,,,,12,Q235,0.0154
260,山东,119.989056,37.0851,,暖温带,沿海,11.2,73,788.5,6701.4,2753,,,,,,,,,,,,,12,Q235,0.0161
261,山东,121.453398,37.296469,,暖温带,沿海,11.6,73,737.2,6675.12,2753,,,,,,,,,,,,,12,Q235,0.0228
262,山东,120.774456,37.788174,,暖温带,沿海,11.7,65,664,6793.38,2826,,,,,,,,,,,,,12,Q235,0.0212
263,山东,120.93774,37.474834,,暖温带,乡村,11.4,65,710.2,6727.68,2659.9,,,,,,,,,,,,,12,Q235,0.0172
264,山东,120.475964,37.429317,,暖温带,乡村,11.5,65,671.1,6740.82,2589.3,,,,,,,,,,,,,12,Q235,0.0198
265,山东,117.532867,34.899927,,暖温带,乡村,13.9,66,860,5768.46,2400,,,,,,,,,,,,,12,Q235,0.0179
266,山东,116.928118,35.099716,,暖温带,潮湿,13.6,66,773.1,5768.46,2230.7,,,,,,,,,,,,,12,Q235,0.0137
267,山东,116.928118,35.099716,,暖温带,潮湿,13.6,66,773.1,5768.46,2230.7,,,,,,,,,,,,,12,Q235,0.001
268,山东,117.273378,35.168547,,暖温带,乡村,13.6,66,773.1,5768.46,2230.7,,,,,,,,,,,,,12,Q235,0.014
269,山东,117.224146,34.961288,,暖温带,乡村,14.5,66,970,5768.46,2005.1,,,,,,,,,,,,,12,Q235,0.0222
270,山东,117.565704,34.634083,,暖温带,乡村,14.1,66,769.3,5768.46,2275.1,,,,,,,,,,,,,12,Q235,0.0165
271,山东,117.991522,36.914978,,暖温带,乡村,13.9,66,586.4,5768.46,2832,,,,,,,,,,,,,12,Q235,0.0204
272,山东,118.230967,36.76405,,暖温带,工业污染,14.6,63,572.2,5768.46,2128.2,,,,,,,,,,,,,12,Q235,0.0216
273,山东,118.140568,36.183535,,暖温带,乡村,13.5,63,611.8,5768.46,2258.9,,,,,,,,,,,,,12,Q235,0.0118
274,山东,117.819267,117.819267,,暖温带,乡村,13.9,62,626.8,5768.46,2374.6,,,,,,,,,,,,,12,Q235,0.0213
275,山东,117.857578,36.605346,,暖温带,乡村,13,62,650.2,5768.46,2374.6,,,,,,,,,,,,,12,Q235,0.0202
276,湖北,110.48,31.406,,亚热带,乡村,12.8,78,1035.6,4125.96,1858.3,,,,,,,,,,,,,12,Q235,0.0066
277,湖北,114.756555,30.534967,,亚热带,工业污染,17,78,1315,4125.96,1995,,,,,,,,,,,,,12,Q235,0.0664
278,湖北,115.019004,30.397008,,亚热带,乡村,17,78,1200,4112.82,1994.2,,,,,,,,,,,,,12,Q235,0.0601
279,湖北,115.348882,30.293854,,亚热带,乡村,16.8,79,1341.7,4112.82,2025.8,,,,,,,,,,,,,12,Q235,0.0414
280,湖北,114.742945,30.541295,,亚热带,乡村,17,78,1315,4125.96,1995,,,,,,,,,,,,,12,Q235,0.0379
281,湖北,114.892389,30.393463,,亚热带,工业污染,16.9,78,1322,4112.82,2004,,,,,,,,,,,,,12,Q235,0.0541
282,湖北,109.140858,29.671833,,亚热带,城市,16,88,1460,2693.7,1062,,,,,,,,,,,,,12,Q235,0.0167
283,湖北,108.961652,30.29954,,亚热带,城市,16.7,82,1378,3074.76,1409.2,,,,,,,,,,,,,12,Q235,0.0137
284,湖北,109.45013,30.275278,,亚热带,城市,16,82,1500,3074.76,1300,,,,,,,,,,,,,12,Q235,0.0173
285,湖北,109.610131,30.272298,,亚热带,工业污染,16,82,1500,3074.76,1288,,,,,,,,,,,,,12,Q235,0.0123
286,湖北,109.48655,30.301037,,亚热带,乡村,16,82,1500,3074.76,1300,,,,,,,,,,,,,12,Q235,0.0139
287,湖北,109.265217,29.435308,,亚热带,乡村,15.8,81,1400,2680.56,1400,,,,,,,,,,,,,12,Q235,0.015
288,湖北,114.989729,30.617413,,亚热带,城市,17.5,77,1044,4112.82,1974.1,,,,,,,,,,,,,13,Q235,0.0426
289,湖北,114.886532,30.440224,,亚热带,城市,17.5,77,1044,4112.82,1974.1,,,,,,,,,,,,,13,Q235,0.0406
290,湖北,114.977117,30.541187,,亚热带,乡村,17.5,77,1044,4112.82,1974.1,,,,,,,,,,,,,13,Q235,0.0397
291,湖北,115.477534,31.136404,,亚热带,乡村,16.4,78,1330,4139.1,2047,,,,,,,,,,,,,13,Q235,0.028
292,湖北,115.668349,30.710668,,亚热带,乡村,16.4,78,1403,4139.1,1966.1,,,,,,,,,,,,,13,Q235,0.0283
293,湖北,115.207382,29.898877,,亚热带,城市,16.8,73,1389.6,3705.48,1897.1,,,,,,,,,,,,,12,Q235,0.0192
294,湖北,115.045533,30.205208,,亚热带,工业污染,17,73,1382.6,4112.82,2280.9,,,,,,,,,,,,,12,Q235,0.0294
295,湖北,114.937845,30.072692,,亚热带,工业污染,16.9,72,1385.8,4086.54,2014.7,,,,,,,,,,,,,12,Q235,0.0225
296,湖北,114.949587,29.831959,,亚热带,城市,16.8,73,1389.6,3705.48,1897.1,,,,,,,,,,,,,12,Q235,0.0247
297,湖北,115.188839,30.2015,,亚热带,城市,17,73,1382.6,4112.82,2280.9,,,,,,,,,,,,,12,Q235,0.0201
298,湖北,115.413288,29.910367,,亚热带,乡村,16.8,73,1389.6,3902.58,1897.1,,,,,,,,,,,,,12,Q235,0.0273
299,湖北,112.411066,30.818873,,亚热带,城市,16.1,75,1025.6,4099.68,1988,,,,,,,,,,,,,12,Q235,0.0236
300,湖北,112.602166,30.995137,,亚热带,工业污染,16.3,75,1067,4112.82,1974,,,,,,,,,,,,,12,Q235,0.0254
301,湖北,112.207347,30.976729,,亚热带,工业污染,16.3,75,1067,4099.68,1974,,,,,,,,,,,,,12,Q235,0.0303
302,湖北,112.596894,31.169088,,亚热带,城市,16.2,76,1300,4112.82,1978,,,,,,,,,,,,,12,Q235,0.0249
303,湖北,112.206393,31.041733,,亚热带,城市,16.3,75,1067,4099.68,1974,,,,,,,,,,,,,12,Q235,0.0251
304,湖北,113.126548,31.024331,,亚热带,城市,16.3,75,1179,4283.64,1970.5,,,,,,,,,,,,,12,Q235,0.025
305,湖北,112.68645,30.753102,,亚热带,工业污染,16.3,75,1179,4283.64,1970.5,,,,,,,,,,,,,12,Q235,0.0258
306,湖北,112.595485,30.715315,,亚热带,工业污染,16.1,75,1025.6,3836.88,1988,,,,,,,,,,,,,12,Q235,0.0289
307,湖北,113.482553,29.83277,,亚热带,工业污染,16.6,81,1331.1,3574.08,2032,,,,,,,,,,,,,12,Q235,0.0415
308,湖北,112.30954,30.310382,,亚热带,城市,16.1,80,1325,3810.6,2026,,,,,,,,,,,,,12,Q235,0.037
309,湖北,112.415777,29.732889,,亚热带,工业污染,16.6,81,1295,3534.66,2035,,,,,,,,,,,,,12,Q235,0.0378
310,湖北,111.77358,30.175342,,亚热带,乡村,16.9,83,1300,3403.26,1900,,,,,,,,,,,,,12,Q235,0.0586
311,湖北,112.905474,30.408358,,亚热带,城市,16.1,82,1455,3823.74,1949,,,,,,,,,,,,,12,Q235,0.0327
312,湖北,110.540948,31.700553,,亚热带,城市,12.8,85,2500,3652.92,1858.3,,,,,,,,,,,,,12,Q235,0.0069
313,湖北,110.614633,31.666963,,亚热带,城市,12.8,85,2500,3652.92,1858.3,,,,,,,,,,,,,12,Q235,0.0094
314,湖北,110.84,31.734,,亚热带,城市,12.8,85,2500,3652.92,1858.3,,,,,,,,,,,,,12,Q235,0.0091
315,湖北,110.016667,31.566667,,亚热带,乡村,12.8,85,2500,3652.92,1858.3,,,,,,,,,,,,,12,Q235,0.0087
316,湖北,110.747462,32.061685,,亚热带,城市,15,59.2,914,4178.52,2000,,,,,,,,,,,,,12,Q235,0.0245
317,湖北,111.521754,32.541144,,亚热带,城市,15.6,59,900,4204.8,1950,,,,,,,,,,,,,12,Q235,0.0271
318,湖北,110.81958,32.597287,,亚热带,城市,15.4,59.2,769.6,4191.66,1955,,,,,,,,,,,,,12,Q235,0.021
319,湖北,109.717812,32.319758,,亚热带,城市,15.3,68,1000,4099.68,1800,,,,,,,,,,,,,12,Q235,0.0325
320,湖北,110.425546,33.007692,,亚热带,城市,15.4,65,800,4217.94,1900,,,,,,,,,,,,,12,Q235,0.0314
321,湖北,113.26,32.179,,亚热带,城市,15,73,1168,4296.78,2027,,,,,,,,,,,,,12,Q235,0.0335
322,湖北,113.517314,32.077128,,亚热带,城市,15,73,1168,4296.78,2027,,,,,,,,,,,,,12,Q235,0.0277
323,湖北,113.377513,31.722123,,亚热带,乡村,15.5,73,1070,4323.06,2059.7,,,,,,,,,,,,,12,Q235,0.033
324,湖北,113.311484,31.856299,,亚热带,乡村,15,73,1168,4296.78,2027,,,,,,,,,,,,,12,Q235,0.0341
325,湖北,113.811278,31.608249,,亚热带,城市,15,73,1168,4296.78,2027,,,,,,,,,,,,,12,Q235,0.034
326,湖北,113.168835,30.670827,,亚热带,工业污染,16.1,79,1455,4007.7,1967,,,,,,,,,,,,,12,Q235,0.0409
327,湖北,114.188292,30.573804,,亚热带,工业污染,17.5,80,1450,4125.96,2100,,,,,,,,,,,,,12,Q235,0.0494
328,湖北,114.311582,30.598467,,亚热带,城市,17.5,80,1450,4125.96,2100,,,,,,,,,,,,,12,Q235,0.027
329,湖北,114.372292,30.536719,,亚热带,城市,17.5,80,1450,4125.96,2100,,,,,,,,,,,,,12,Q235,0.025
330,湖北,114.038436,30.321002,,亚热带,城市,17.5,80,1450,4125.96,2100,,,,,,,,,,,,,12,Q235,0.0311
331,湖北,114.44697,30.636875,,亚热带,工业污染,17.5,80,1450,4125.96,2100,,,,,,,,,,,,,12,Q235,0.0469
332,湖北,114.80765,30.84739,,亚热带,城市,17.5,80,1450,4323.06,2100,,,,,,,,,,,,,12,Q235,0.0305
333,湖北,114.312581,30.325187,,亚热带,城市,17.5,80,1450,4125.96,2100,,,,,,,,,,,,,12,Q235,0.0342
334,湖北,114.545649,30.483164,,亚热带,城市,17.5,80,1450,4125.96,2100,,,,,,,,,,,,,12,Q235,0.0305
335,湖北,113.405347,30.388854,,亚热带,城市,16.3,78,1365,3994.56,2002.6,,,,,,,,,,,,,12,Q235,0.0334
336,湖北,114.307888,29.904498,,亚热带,城市,16.8,83,1577.4,3626.64,1754.5,,,,,,,,,,,,,12,Q235,0.0267
337,湖北,114.260475,29.861949,,亚热带,城市,16.8,83,1577.4,3626.64,1754.5,,,,,,,,,,,,,12,Q235,0.0327
338,湖北,114.046563,29.561334,,亚热带,乡村,18.3,80,1312.9,3600.36,1668.5,,,,,,,,,,,,,12,Q235,0.0288
339,湖北,114.478688,29.61733,,亚热带,乡村,16.3,83,1500,3613.5,1845,,,,,,,,,,,,,12,Q235,0.0318
340,湖北,113.931468,29.9769,,亚热带,城市,17,83,1535.8,3574.08,1942,,,,,,,,,,,,,12,Q235,0.0262
341,湖北,113.916823,29.660939,,亚热带,潮湿,17,83,1535.8,3574.08,1942,,,,,,,,,,,,,12,Q235,0.0336
342,湖北,113.908697,29.21649,,亚热带,乡村,17.1,81,1556,3547.8,1706,,,,,,,,,,,,,12,Q235,0.026
343,湖北,112.125464,32.054168,,亚热带,城市,16,75,1100,3797.46,2100,,,,,,,,,,,,,12,Q235,0.0264
344,湖北,111.659576,32.268983,,亚热带,乡村,15.4,74,1200,4178.52,1894.2,,,,,,,,,,,,,12,Q235,0.0307
345,湖北,112.170218,32.142195,,亚热带,工业污染,16,75,1100,3797.46,2100,,,,,,,,,,,,,12,Q235,0.0314
346,湖北,112.264611,31.72547,,亚热带,城市,16,74,1000,4139.1,1900,,,,,,,,,,,,,12,Q235,0.0245
347,湖北,112.714621,32.269298,,亚热带,乡村,15.5,74,1000,4480.74,1886,,,,,,,,,,,,,12,Q235,0.0314
348,湖北,113.842487,30.696945,,亚热带,城市,16.2,72,1224.9,4007.7,1910.7,,,,,,,,,,,,,12,Q235,0.0269
349,湖北,113.845549,30.666914,,亚热带,城市,16.2,72,1224.9,4007.7,1910.7,,,,,,,,,,,,,12,Q235,0.0276
350,湖北,114.110412,31.031767,,亚热带,城市,16.2,70,1109.7,4336.2,1996.7,,,,,,,,,,,,,12,Q235,0.0295
351,湖北,113.579567,30.933977,,亚热带,城市,16,76,1128.6,4033.98,1872.9,,,,,,,,,,,,,12,Q235,0.0299
352,湖北,113.618883,30.94868,,亚热带,城市,16,76,1128.6,4033.98,1872.9,,,,,,,,,,,,,12,Q235,0.0267
353,湖北,111.374369,30.673832,,亚热带,乡村,16.9,77,1215.6,3429.54,1883,,,,,,,,,,,,,12,Q235,0.0499
354,湖北,111.360716,30.500178,,亚热带,工业污染,16.9,77,1215.6,3416.4,1883,,,,,,,,,,,,,12,Q235,0.0235
355,湖北,110.759443,31.180665,,亚热带,工业污染,15.3,77,1200,3626.64,1682.8,,,,,,,,,,,,,12,Q235,0.0201
356,湖北,111.643282,30.921054,,亚热带,乡村,16,75,1100,3823.74,1830,,,,,,,,,,,,,12,Q235,0.0274
357,湖北,111.506128,30.28282,,亚热带,工业污染,16.7,78,1235.4,3416.4,1936.4,,,,,,,,,,,,,12,Q235,0.049
358,湖北,112.291503,31.442573,,亚热带,工业污染,16.2,79,1300,4112.82,1978,,,,,,,,,,,,,12,Q235,0.0472
359,湖南,112.757,28.19,,亚热带,,17,77,1370,3390.12,1610,,,,,,,,,,,,,12,Q235,0.0288
360,湖南,111.949,26.448,,亚热带,,18.2,78,1275.7,3350.7,1591.9,,,,,,,,,,,,,12,Q235,0.0264
361,湖南,111.992,27.771,,亚热带,,18.2,79,1414.5,3022.2,1530,,,,,,,,,,,,,12,Q235,0.0337
362,湖南,112.993,25.716,,亚热带,,18.4,80,1503.5,3468.96,1337.6,,,,,,,,,,,,,12,Q235,0.0452
363,湖南,113.065,26.081,,亚热带,,17.6,78,1417,3705.48,1625.2,,,,,,,,,,,,,12,Q235,0.0286
364,湖南,112.395,29.126,,亚热带,,16.9,78,1322,3416.4,1743.5,,,,,,,,,,,,,12,Q235,0.0358
365,湖南,112.172,29.474,,亚热带,,17.1,79,1208.2,3521.52,1817.9,,,,,,,,,,,,,12,Q235,0.0331
366,湖南,113.277,26.573,,亚热带,,17.7,82,1430,3731.76,1663.3,,,,,,,,,,,,,12,Q235,0.0346
367,湖南,113.34,28.22,,亚热带,,17.4,78,1680,3574.08,1516.7,,,,,,,,,,,,,12,Q235,0.0234
368,湖南,113.358,27.069,,亚热带,,17.8,78,1410,3534.66,1612,,,,,,,,,,,,,12,Q235,0.038
369,湖南,113.501,27.605,,亚热带,,18,78,1450,3560.94,1710,,,,,,,,,,,,,12,Q235,0.0407
370,湖南,113.265,25.956,,亚热带,,17.7,81,1487.6,3626.64,1700,,,,,,,,,,,,,12,Q235,0.0465
371,湖南,113.138,27.644,,亚热带,,17.2,79,1389,3337.56,1706,,,,,,,,,,,,,12,Q235,0.0207
372,湖南,111.179,27.877,,亚热带,,17,79,1455.9,3206.16,1417.4,,,,,,,,,,,,,12,Q235,0.036
373,湖南,109.67,26.561,,亚热带,,16.8,81,1378.9,2917.08,1336.9,,,,,,,,,,,,,12,Q235,0.0311
374,湖南,110.286,28.722,,亚热带,,16,81,1475.9,2864.52,1304,,,,,,,,,,,,,12,Q235,0.02
375,湖南,111.329,26.993,,亚热带,,16.9,80,1255.3,3179.88,1510,,,,,,,,,,,,,12,Q235,0.0354
376,湖南,109.767,27.863,,亚热带,,17.3,77,1300,2930.04,1421.8,,,,,,,,,,,,,12,Q235,0.0209
377,湖南,110.31,29.2,,亚热带,,16.8,85,1497,2890.8,1450,,,,,,,,,,,,,12,Q235,0.0187
378,湖南,112.063,26.751,,亚热带,,17.9,78,1232.9,3534.66,1504,,,,,,,,,,,,,12,Q235,0.0236
379,湖南,110.633,28,,亚热带,,16.9,78,1539.1,3324.42,1417,,,,,,,,,,,,,12,Q235,0.0291
380,湖南,113.595,28.678,,亚热带,,16.8,80,1450.8,3574.08,1731,,,,,,,,,,,,,12,Q235,0.0254
381,湖南,110.22,29.19,,亚热带,,16.8,85,1497,2890.8,1450,,,,,,,,,,,,,12,Q235,0.0215
382,湖南,109.189,27.374,,亚热带,,16.6,78,1160.7,2917.08,1302.3,,,,,,,,,,,,,12,Q235,0.0187
383,湖南,113.59,28.16,,亚热带,,17.4,78,1680,3574.08,1516.7,,,,,,,,,,,,,12,Q235,0.0233
384,湖南,111.844,27.214,,亚热带,,16.6,79,1250,3179.88,1510,,,,,,,,,,,,,12,Q235,0.0385
385,湖南,113.198,25.964,,亚热带,,18.2,80,1487.2,3468.96,1468,,,,,,,,,,,,,12,Q235,0.0765
386,湖南,112.59,27.53,,亚热带,,16.9,79,1300,3271.86,1734,,,,,,,,,,,,,12,Q235,0.02
387,湖南,112.828,27.286,,亚热带,,17.5,78,1400,3429.54,1504,,,,,,,,,,,,,12,Q235,0.0314
388,湖南,111.378,26.386,,亚热带,,17.8,78,1335,3337.56,1591,,,,,,,,,,,,,12,Q235,0.0304
389,湖南,111.847,29.487,,亚热带,,17,79,1766.4,3140.46,1277.2,,,,,,,,,,,,,12,Q235,0.0264
390,湖南,110.21,29.19,,亚热带,,16.8,85,1497,2890.8,1450,,,,,,,,,,,,,12,Q235,0.0249
391,湖南,112.896,27.05,,亚热带,,17.7,78,1336,3429.54,1310,,,,,,,,,,,,,12,Q235,0.0313
392,湖南,111.549,25.514,,亚热带,,19,82,1518,3416.4,1569.9,,,,,,,,,,,,,12,Q235,0.0209
393,湖南,110.47,28.448,,亚热带,,16.6,78,1440.9,2995.92,1421,,,,,,,,,,,,,12,Q235,0.0305
394,湖南,112.604,25.306,,亚热带,,17.9,79,1421.8,3560.94,1469.9,,,,,,,,,,,,,12,Q235,0.0322
395,湖南,109.85,29.01,,亚热带,,16.4,78,1357,2719.98,1304,,,,,,,,,,,,,12,Q235,0.0298
396,湖南,110.1,29.25,,亚热带,,16.8,85,1497,2890.8,1450,,,,,,,,,,,,,12,Q235,0.0275
397,湖南,111.503,27.312,,亚热带,,17,80,1365.2,3179.88,1480.5,,,,,,,,,,,,,12,Q235,0.0313
398,湖南,112.914,26.418,,亚热带,,17.9,78,1232.9,3521.52,1608,,,,,,,,,,,,,12,Q235,0.0367
399,湖南,110.983,27.108,,亚热带,,16.9,80,1427.5,3179.88,1500,,,,,,,,,,,,,12,Q235,0.0291
400,湖南,113.87,25.937,,亚热带,,15.8,82,1883.5,3600.36,1372.6,,,,,,,,,,,,,12,Q235,0.0196
401,湖南,112.508,26.873,,亚热带,,17.8,78,1268.8,3534.66,1500,,,,,,,,,,,,,12,Q235,0.0319
402,湖南,112.371,25.637,,亚热带,,18.3,80,1408.8,3574.08,1443.2,,,,,,,,,,,,,12,Q235,0.043
403,湖南,112.96,27.75,,亚热带,,16.9,79,1300,3271.86,1734,,,,,,,,,,,,,12,Q235,0.0338
404,湖南,112.375,28.566,,亚热带,,16.9,80,1288,3219.3,1414,,,,,,,,,,,,,12,Q235,0.0349
405,湖南,111.361,26.124,,亚热带,,18.3,80,1408.8,3574.08,1443.2,,,,,,,,,,,,,12,Q235,0.0336
406,湖南,112.551,29.306,,亚热带,,16.6,78,1237.7,3521.52,1775.7,,,,,,,,,,,,,12,Q235,0.0284
407,湖南,112.726,29.526,,亚热带,,18.2,80,1359.9,3521.52,1402.6,,,,,,,,,,,,,12,Q235,0.0254
408,湖南,112.85,28.31,,亚热带,,17,77,1370,3390.12,1610,,,,,,,,,,,,,12,Q235,0.0255
409,湖南,110.602,26.718,,亚热带,,16.8,78,1218.5,3232.44,1368.1,,,,,,,,,,,,,12,Q235,0.0381
410,湖南,109.927,27.361,,亚热带,,17,78,1378,2917.08,1421,,,,,,,,,,,,,12,Q235,0.0259
411,湖南,111.464,29.641,,亚热带,,16.7,79,1540,3140.46,1646.9,,,,,,,,,,,,,12,Q235,0.0297
412,湖南,110.16,28.26,,亚热带,,16.9,78,1663,2982.78,1432.5,,,,,,,,,,,,,12,Q235,0.0559
413,湖南,110.6,27.026,,亚热带,,16.6,78,1478.8,3298.14,1424,,,,,,,,,,,,,12,Q235,0.027
414,湖南,113.143,29.318,,亚热带,,17.8,80,1690,3560.94,1770,,,,,,,,,,,,,12,Q235,0.0365
415,湖南,109.69,28.26,,亚热带,,17.3,79,1446.8,2706.84,1429.6,,,,,,,,,,,,,12,Q235,0.0207
416,湖南,112.523,27.733,,亚热带,,17.1,80,1326.8,3455.82,1558.7,,,,,,,,,,,,,12,Q235,0.0344
417,湖南,111.718,27.704,,亚热带,,16.7,78,1328,3206.16,1538,,,,,,,,,,,,,12,Q235,0.0318
418,湖南,110.331,26.413,,亚热带,,16.1,78,1218.5,3232.44,1368.05,,,,,,,,,,,,,12,Q235,0.0339
419,湖南,110.16,29.25,,亚热带,,16.8,85,1497,2890.8,1450,,,,,,,,,,,,,12,Q235,0.0146
420,湖南,113.054,28.348,,亚热带,,17.2,77,1370,3403.26,1610,,,,,,,,,,,,,12,Q235,0.0248
421,湖南,111.697,28.904,,亚热带,,17,78,1400,3127.32,1688.4,,,,,,,,,,,,,12,Q235,0.0269
422,湖南,112.345,26.988,,亚热带,,17.9,79,1452,3534.66,1603.9,,,,,,,,,,,,,12,Q235,0.0338
423,湖南,113.02,28.15,,亚热带,,17.2,80,1361.6,3403.26,1762.64,,,,,,,,,,,,,12,Q235,0.0228
424,湖南,112.914,25.773,,亚热带,,18.4,80,1503.5,3468.96,1337.6,,,,,,,,,,,,,12,Q235,0.0319
425,湖南,112.211,25.435,,亚热带,,17.8,78,1660,3560.94,1550,,,,,,,,,,,,,12,Q235,0.0306
426,湖南,112.153,28.484,,亚热带,,16.6,80,1623.6,3403.26,1536,,,,,,,,,,,,,12,Q235,0.0324
427,湖南,111.492,27.66,,亚热带,,16.7,78,1354,3206.16,1401.8,,,,,,,,,,,,,12,Q235,0.0492
428,湖南,110.343,27.941,,亚热带,,17,78,1328.4,2969.64,1476.8,,,,,,,,,,,,,12,Q235,0.0291
429,湖南,111.63,29.087,,亚热带,,16.7,78,1342.2,3127.32,1688.4,,,,,,,,,,,,,12,Q235,0.0299
430,湖南,111.985,29.043,,亚热带,,18.1,79,1465.1,3153.6,1545,,,,,,,,,,,,,12,Q235,0.0304
431,湖南,111.439,27.633,,亚热带,,16.7,78,1354,3206.16,1401.8,,,,,,,,,,,,,12,Q235,0.0542
432,湖南,113.188,27.764,,亚热带,,17.5,77,1400,3337.56,1378,,,,,,,,,,,,,12,Q235,0.0337
433,湖南,113.607,25.55,,亚热带,,16.6,78,1545.7,3312.38,1731,,,,,,,,,,,,,12,Q235,0.0399
434,湖南,109.68,28.24,,亚热带,,17.3,79,1446.8,2706.84,1429.6,,,,,,,,,,,,,12,Q235,0.0184
435,湖南,112.91,28.36,,亚热带,,17.2,77,1370,3403.26,1455.6,,,,,,,,,,,,,12,Q235,0.0254
436,湖南,113.223,29.09,,亚热带,,17,78,1500,3560.94,1814,,,,,,,,,,,,,12,Q235,0.0622
437,湖南,112.71,27.849,,亚热带,,17.2,78,1320,3271.86,1535.7,,,,,,,,,,,,,12,Q235,0.0305
438,湖南,112.192,25.884,,亚热带,,18,78,1405,3587.22,1536,,,,,,,,,,,,,12,Q235,0.0284
439,湖南,112.72,27.907,,亚热带,,16.9,79,1300,3271.86,1734,,,,,,,,,,,,,12,Q235,0.0305
440,湖南,112.24,28.15,,亚热带,,16.8,81,1358.3,3390.12,1737.6,,,,,,,,,,,,,12,Q235,0.0224
441,湖南,113.138,28.776,,亚热带,,17,78,1345.4,3600.36,1650.1,,,,,,,,,,,,,12,Q235,0.0455
442,湖南,113.154,28.136,,亚热带,,18,80,1877.1,3403.26,1700,,,,,,,,,,,,,12,Q235,0.0275
443,湖南,109.57,28.63,,亚热带,,16.1,78,1470,2864.52,1279,,,,,,,,,,,,,12,Q235,0.0227
444,湖南,110.076,27.612,,亚热带,,17,78,1378,2917.08,1475,,,,,,,,,,,,,12,Q235,0.0267
445,湖南,111.617,25.165,,亚热带,,18,79,1510,3652.92,1758,,,,,,,,,,,,,12,Q235,0.0261
446,湖南,113.089,27.865,,亚热带,,17.6,79,1861,3337.56,1378,,,,,,,,,,,,,12,Q235,0.0693
447,湖南,111.651,28.176,,亚热带,,16.2,80,1622,3140.46,1376.1,,,,,,,,,,,,,12,Q235,0.0313
448,湖南,112.431,26.409,,亚热带,,18.1,80,1440,3521.52,1600,,,,,,,,,,,,,12,Q235,0.0328
449,湖南,112.194,27.468,,亚热带,,17,77,1275,3442.68,1550,,,,,,,,,,,,,12,Q235,0.0299
450,湖南,110.825,26.466,,亚热带,,17,81,1331.1,3232.44,1465.6,,,,,,,,,,,,,12,Q235,0.0321
451,湖南,112.296,28.912,,亚热带,,16.9,78,1322,3416.4,1743.5,,,,,,,,,,,,,12,Q235,0.0337
452,湖南,112.932,28.625,,亚热带,,17.6,78,1392.62,3403.26,1323.6,,,,,,,,,,,,,12,Q235,0.0304
453,湖南,111.469,28.919,,亚热带,,16.5,82,1437,3153.6,1529,,,,,,,,,,,,,12,Q235,0.0351
454,湖南,111.137,28.337,,亚热带,,16.2,80,1622,3140.46,1376.1,,,,,,,,,,,,,12,Q235,0.0238
455,湖南,113.803,26.453,,亚热带,,17,80,1761.5,3574.08,1500,,,,,,,,,,,,,12,Q235,0.0252
456,湖南,111.904,25.568,,亚热带,,18.4,78,1450.8,3416.4,1610,,,,,,,,,,,,,12,Q235,0.0255
457,I01,,,,亚热带,,22.9,,,,,,5387.4,,,0.02,,0.015,,,,,,12,,0.0058
458,I02,,,,,,14.1,,,,,,5974.32,,,0.02,,0.1821,,,,,,12,,0.0249
459,I02,,,,,,13.9,,,,,,6202.08,,,0.02,,0.2439,,,,,,12,,0.0548
460,I02,,,,,,14.3,,,,,,6351,,,0.02,,0.3338,,,,,,12,,0.0782
461,I02,,,,,,14.5,,,,,,6447.36,,,0.02,,0.4248,,,,,,12,,0.066
462,I02,,,,,,14.2,,,,,,6228.36,,,0.02,,0.3216,,,,,,12,,0.0683
463,I03,,,,温带,,17.1,,,,,,4634.04,,,0.097,,0.015,,,,,,12,,0.0147
464,I04,,,,温带,,19.2,,,,,,911.04,,,0.02,,0.015,,,,,,12,,0.0046
465,I06,,,,温带,,8,,,,,,2514.12,,,0.1128,,0.3338,,,,,,12,,0.0255
466,I06,,,,温带,,7.6,,,,,,2338.92,,,0.128,,0.4248,,,,,,12,,0.0215
467,I06,,,,温带,,8,,,,,,2084.88,,,0.124,,0.3338,,,,,,12,,0.0283
468,I06,,,,温带,,7.5,,,,,,2479.08,,,0.1224,,0.3702,,,,,,12,,0.0213
469,I06,,,,温带,,7,,,,,,2514.12,,,0.1272,,0.352,,,,,,12,,0.0255
470,I06,,,,温带,,7,,,,,,2776.92,,,0.148,,0.3398,,,,,,12,,0.0216
471,I07,,,,温带,,5.5,76,,,,,3039.72,,,0.2024,,0.0231,,,,,,12,,0.0271
472,I07,,,,温带,,7.1,77,,,,,3626.64,,,0.1368,,0.0164,,,,,,12,,0.0231
473,I07,,,,温带,,6.8,77,,,,,3582.84,,,0.1288,,0.02,,,,,,12,,0.026
474,I07,,,,温带,,7.1,76,,,,,3092.28,,,0.1048,,0.02,,,,,,12,,0.0233
475,I07,,,,温带,,7,77,,,,,3977.04,,,0.1072,,0.02,,,,,,12,,0.0307
476,I07,,,,温带,,7.3,77,,,,,4406.28,,,0.1392,,0.02,,,,,,12,,0.0257
477,I08,,,,暖温带,,7.5,81,,,,,2382.72,,,0.716,,0.0291,,,,,,12,,0.0624
478,I08,,,,暖温带,,8.8,79,,,,,2496.6,,,0.5232,,0.0121,,,,,,12,,0.0443
479,I08,,,,暖温带,,9.3,75,,,,,2084.88,,,0.564,,0.021,,,,,,12,,0.0433
480,I08,,,,暖温带,,9.7,74,,,,,1979.76,,,0.5264,,0.021,,,,,,12,,0.0421
481,I08,,,,暖温带,,9.9,77,,,,,2312.64,,,0.4776,,0.021,,,,,,12,,0.0533
482,I08,,,,暖温带,,10.1,77,,,,,2619.24,,,0.4304,,0.021,,,,,,12,,0.0389
483,I09,,,,,,7.7,76,,,,,3109.8,,,0.84,,0.0231,,,,,,12,,0.0879
484,I09,,,,,,9,73,,,,,2444.04,,,0.6664,,0.0109,,,,,,12,,0.0661
485,I09,,,,,,9.5,73,,,,,2242.56,,,0.6584,,0.017,,,,,,12,,0.0577
486,I09,,,,,,9.8,72,,,,,2330.16,,,0.716,,0.017,,,,,,12,,0.0591
487,I09,,,,,,9.6,74,,,,,2373.96,,,0.7688,,0.017,,,,,,12,,0.0841
488,I09,,,,,,9.9,74,,,,,2058.6,,,0.6648,,0.017,,,,,,12,,0.0692
489,I10,,,,,,10.4,,,,,,4774.2,,,0.1872,,0.0152,,,,,,12,,0.0385
490,I10,,,,,,10.8,,,,,,4686.6,,,0.1784,,0.0109,,,,,,12,,0.0406
491,I10,,,,,,11.1,,,,,,4432.56,,,0.1208,,0.0109,,,,,,12,,0.0353
492,I10,,,,,,10.8,,,,,,4257.36,,,0.1056,,0.014,,,,,,12,,0.0374
493,I10,,,,,,9.6,,,,,,3749.28,,,0.1464,,0.0103,,,,,,12,,0.0318
494,I10,,,,,,9.7,,,,,,3714.24,,,0.1248,,0.0061,,,,,,12,,0.0338
495,I11,,,,温带,,3.3,,,,,,2969.64,,,0.1712,,0.0218,,,,,,12,,0.0375
496,I11,,,,温带,,5.1,,,,,,3460.2,,,0.1712,,0.0249,,,,,,12,,0.033
497,I11,,,,温带,,6.4,,,,,,3451.44,,,0.16,,0.0255,,,,,,12,,0.0412
498,I11,,,,温带,,6.8,,,,,,3679.2,,,0.1472,,0.0243,,,,,,12,,0.0283
499,I11,,,,温带,,6.7,,,,,,3845.64,,,0.1328,,0.0241,,,,,,12,,0.0314
500,I11,,,,温带,,6.8,,,,,,4064.64,,,0.1224,,0.0241,,,,,,12,,0.0286
501,I12,,,,,,3,,,,,,2601.72,,,0.1624,,0.0255,,,,,,12,,0.0309
502,I12,,,,,,4.9,,,,,,2847,,,0.1304,,0.0152,,,,,,12,,0.0214
503,I12,,,,,,5.4,,,,,,3398.88,,,0.152,,0.0109,,,,,,12,,0.0346
504,I12,,,,,,5.3,,,,,,3048.48,,,0.112,,0.0172,,,,,,12,,0.0199
505,I12,,,,,,5.9,,,,,,3801.84,,,0.0848,,0.0172,,,,,,12,,0.0262
506,I12,,,,,,6.4,,,,,,4301.16,,,0.0904,,0.0172,,,,,,12,,0.0208
507,I13,,,,,,0.3,,,,,,3311.28,,,0.0472,,0.0194,,,,,,12,,0.0167
508,I13,,,,,,2.2,,,,,,3022.2,,,0.0424,,0.015,,,,,,12,,0.011
509,I13,,,,,,3.4,,,,,,2741.88,,,0.0408,,0.015,,,,,,12,,0.0157
510,I13,,,,,,4,,,,,,3039.72,,,0.028,,0.015,,,,,,12,,0.0097
511,I13,,,,,,4,,,,,,3127.32,,,0.0248,,0.015,,,,,,12,,0.0125
512,I13,,,,,,4.1,,,,,,3381.36,,,0.0152,,0.015,,,,,,12,,0.0113
513,I14,,,,,,12.3,,,,,,4143.48,,,0.4224,,0.1517,,,,,,12,,0.0407
514,I14,,,,,,13.1,,,,,,4782.96,,,0.3704,,0.1517,,,,,,12,,0.0345
515,I14,,,,,,13.5,,,,,,4555.2,,,0.3104,,0.1821,,,,,,12,,0.0442
516,I14,,,,,,13,,,,,,4476.36,,,0.32,,0.1881,,,,,,12,,0.035
517,I15,,,,,,14.6,,,,,,3705.48,,,1.208,,1.2501,,,,,,12,,0.0835
518,I15,,,,,,16.2,,,,,,4274.88,,,0.7704,,1.5596,,,,,,12,,0.0681
519,I15,,,,,,16.1,,,,,,3740.52,,,0.6104,,1.5838,,,,,,12,,0.0707
520,I15,,,,,,15.6,,,,,,3057.24,,,0.64,,1.5414,,,,,,12,,0.0664
521,I15,,,,,,15.6,,,,,,4406.28,,,0.3584,,1.3836,,,,,,12,,0.0726
522,I16,,,,,,6.5,,,,,,4318.68,,,0.144,,0.0485,,,,,,12,,0.0196
523,I16,,,,,,6.5,,,,,,4152.24,,,0.0904,,0.0364,,,,,,12,,0.0155
524,I16,,,,,,7.1,,,,,,4747.92,,,0.08,,0.0425,,,,,,12,,0.0196
525,I16,,,,,,6.7,,,,,,4117.2,,,0.0648,,0.0303,,,,,,12,,0.0123
526,I18,,,,,,13.6,,,,,,3083.52,,,0.325,,0.8374,,,,,,12,,0.0821
527,I18,,,,,,14.2,,,,,,3241.2,,,0.32,,1.4989,,,,,,12,,0.0702
528,I18,,,,,,15.4,,,,,,3942,,,0.3144,,1.0195,,,,,,12,,0.0705
529,I19,,,,,,9.7,,,,,,6053.16,,,0.08,,0.9527,,,,,,12,,0.118
530,I19,,,,,,9.7,,,,,,5816.64,,,0.24,,1.1226,,,,,,12,,0.0958
531,I19,,,,,,9.7,,,,,,6377.28,,,0.256,,1.0741,,,,,,12,,0.0835
532,I20,,,,,,13,,,,,,4327.44,,,0.4288,,0.015,,,,,,12,,0.0376
533,I20,,,,,,13,,,,,,3328.8,,,0.4288,,0.015,,,,,,12,,0.0397
534,I20,,,,,,13,,,,,,1909.68,,,0.424,,0.015,,,,,,12,,0.048
535,I21,,,,,,9.6,,,,,,4125.96,,,1.7168,,0.0892,,,,,,12,,0.101
536,I21,,,,,,11.9,,,,,,4616.52,,,1.4768,,0.085,,,,,,12,,0.0951
537,I21,,,,,,12.8,,,,,,4966.92,,,1.336,,0.1493,,,,,,12,,0.126
538,I23,,,,,,16,,,,,,5729.04,,,0.0584,,0.3641,,,,,,12,,0.044
539,I23,,,,,,15.9,,,,,,5597.64,,,0.0648,,0.4794,,,,,,12,,0.0409
540,I23,,,,,,15.5,,,,,,5641.44,,,0.0664,,0.4187,,,,,,12,,0.0452
541,I23,,,,,,15.8,,,,,,5632.68,,,0.0648,,0.3762,,,,,,12,,0.0397
542,I23,,,,,,16.1,,,,,,5641.44,,,0.06,,0.3944,,,,,,12,,0.0482
543,I23,,,,,,16.2,,,,,,5983.08,,,0.0568,,0.4005,,,,,,12,,0.0421
544,I24,,,,,,14.1,,,,,,1576.8,,,0.1128,,0.0261,,,,,,12,,0.038
545,I24,,,,,,14.1,,,,,,1935.96,,,0.116,,0.0249,,,,,,12,,0.0286
546,I24,,,,,,13.9,,,,,,2409,,,0.1128,,0.0285,,,,,,12,,0.0488
547,I24,,,,,,14,,,,,,2295.12,,,0.1136,,0.0334,,,,,,12,,0.0321
548,I24,,,,,,14.2,,,,,,2260.08,,,0.1224,,0.0316,,,,,,12,,0.0558
549,I24,,,,,,14.6,,,,,,2549.16,,,0.124,,0.0309,,,,,,12,,0.0338
550,I25,,,,,,22.8,,,,,,4712.88,,,0.0888,,0.801,,,,,,12,,0.118
551,I25,,,,,,23.9,,,,,,4599,,,0.0664,,0.6008,,,,,,12,,0.138
552,I25,,,,,,24,,,,,,4187.28,,,0.0848,,0.7585,,,,,,12,,0.0547
553,I25,,,,,,23.4,,,,,,3845.64,,,0.0884,,0.8617,,,,,,12,,0.0572
554,I25,,,,,,23.2,,,,,,2960.88,,,0.0976,,0.9103,,,,,,12,,0.0448
555,I25,,,,,,23.5,,,,,,3101.04,,,0.104,,0.7889,,,,,,12,,0.0392
556,I27,,,,,,6.7,,,,,,2619.24,,,0.1384,,0.0121,,,,,,12,,0.0261
557,I27,,,,,,6.2,,,,,,2855.76,,,0.1184,,0.0218,,,,,,12,,0.0266
558,I27,,,,,,7.4,,,,,,2444.04,,,0.1128,,0.0158,,,,,,12,,0.0302
559,I27,,,,,,8.5,,,,,,2286.36,,,0.1264,,0.0073,,,,,,12,,0.0215
560,I27,,,,,,7.9,,,,,,2601.72,,,0.0992,,0.0091,,,,,,12,,0.0265
561,I27,,,,,,8.5,,,,,,3030.96,,,0.068,,0.0103,,,,,,12,,0.0201
562,I28,,,,,,4.9,,,,,,3136.08,,,0.344,,0.0801,,,,,,12,,0.0684
563,I28,,,,,,5.4,,,,,,3197.4,,,0.288,,0.0522,,,,,,12,,0.0608
564,I28,,,,,,5.7,,,,,,2741.88,,,0.288,,0.0401,,,,,,12,,0.066
565,I28,,,,,,7.5,,,,,,3565.32,,,0.416,,0.0686,,,,,,12,,0.06
566,I28,,,,,,6.6,,,,,,3705.48,,,0.424,,0.0607,,,,,,12,,0.0614
567,I28,,,,,,6.7,,,,,,3679.2,,,0.3616,,0.0322,,,,,,12,,0.0536
568,I29,,,,,,5.2,,,,,,3679.2,,,0.0144,,0.0061,,,,,,12,,0.0214
569,I29,,,,,,5.9,,,,,,4607.76,,,0.0096,,0.0061,,,,,,12,,0.0186
570,I29,,,,,,6.3,,,,,,4187.28,,,0.0096,,0.0061,,,,,,12,,0.0218
571,I29,,,,,,7.5,,,,,,4406.28,,,0.008,,0.0061,,,,,,12,,0.0171
572,I29,,,,,,6.6,,,,,,3968.28,,,0.008,,0.0061,,,,,,12,,0.0207
573,I29,,,,,,6.2,,,,,,3679.2,,,0.008,,0.0061,,,,,,12,,0.0186
574,I31,,,,,,7.2,,,,,,3258.72,,,0.0784,,0.0261,,,,,,12,,0.0272
575,I31,,,,,,7.7,,,,,,3880.68,,,0.0792,,0.0206,,,,,,12,,0.0223
576,I31,,,,,,8.2,,,,,,4336.2,,,0.0792,,0.0212,,,,,,12,,0.0277
577,I31,,,,,,8.9,,,,,,4879.32,,,0.0568,,0.0698,,,,,,12,,0.0257
578,I31,,,,,,8.4,,,,,,5115.84,,,0.0544,,0.0692,,,,,,12,,0.038
579,I31,,,,,,8.4,,,,,,5168.4,,,0.064,,0.0485,,,,,,12,,0.0263
580,I33,,,,,,14.1,,,,,,1314,,,0.22,,0.015,,,,,,12,,0.0319
581,I33,,,,,,14.3,,,,,,1760.76,,,0.2424,,0.015,,,,,,12,,0.0298
582,I33,,,,,,12.5,,,,,,2636.76,,,0.3688,,0.015,,,,,,12,,0.0332
583,I33,,,,,,14.1,,,,,,2426.52,,,0.412,,0.015,,,,,,12,,0.0224
584,I33,,,,,,14.9,,,,,,1988.52,,,0.432,,0.015,,,,,,12,,0.0261
585,I33,,,,,,14.9,,,,,,2225.04,,,0.4448,,0.015,,,,,,12,,0.0227
586,I34,,,,,,25.3,,,,,,2426.52,,,0.0312,,0.015,,,,,,12,,0.0163
587,I34,,,,,,25.3,,,,,,2715.6,,,0.0384,,0.015,,,,,,12,,0.017
588,I34,,,,,,25.3,,,,,,3661.68,,,0.0464,,0.015,,,,,,12,,0.0174
589,I34,,,,,,25.3,,,,,,3144.84,,,0.0432,,0.015,,,,,,12,,0.0129
590,I34,,,,,,25.2,,,,,,3521.52,,,0.0328,,0.015,,,,,,12,,0.0156
591,I34,,,,,,25.5,,,,,,3871.92,,,0.0432,,0.015,,,,,,12,,0.0137
592,I35,,,,,,15.2,,,,,,3197.4,,,0.4928,,0.1821,,,,,,12,,0.0344
593,I35,,,,,,16.2,,,,,,3276.24,,,0.3888,,0.1153,,,,,,12,,0.0247
594,I35,,,,,,16.2,,,,,,2715.6,,,0.372,,0.1214,,,,,,12,,0.0252
595,I35,,,,,,15.8,,,,,,2566.68,,,0.3584,,0.1153,,,,,,12,,0.0276
596,I35,,,,,,16.6,,,,,,2715.6,,,0.3704,,0.1214,,,,,,12,,0.0227
597,I35,,,,,,17.2,,,,,,2566.68,,,0.3568,,0.1153,,,,,,12,,0.0268
598,I36,,,,,,14.5,,,,,,4309.92,,,0.2944,,0.1274,,,,,,12,,0.0459
599,I36,,,,,,15.8,,,,,,4318.68,,,0.3424,,0.176,,,,,,12,,0.0511
600,I36,,,,,,16.7,,,,,,4528.92,,,0.3104,,0.1699,,,,,,12,,0.045
601,I36,,,,,,16.2,,,,,,4476.36,,,0.2352,,0.1456,,,,,,12,,0.0443
602,I36,,,,,,16.1,,,,,,4064.64,,,0.168,,0.2427,,,,,,12,,0.0333
603,I37,,,,,,5,,,,,,2540.4,,,0.0816,,0.015,,,,,,12,,0.028
604,I37,,,,,,6.8,,,,,,3644.16,,,0.088,,0.015,,,,,,12,,0.0269
605,I37,,,,,,7.1,,,,,,3144.84,,,0.096,,0.015,,,,,,12,,0.0281
606,I37,,,,,,8,,,,,,3039.72,,,0.08,,0.015,,,,,,12,,0.0216
607,I37,,,,,,8.4,,,,,,2960.88,,,0.088,,0.015,,,,,,12,,0.0235
608,I37,,,,,,8.4,,,,,,3372.6,,,0.056,,0.015,,,,,,12,,0.0181
609,I38,,,,,,6.1,,,,,,3915.72,,,0.0704,,0.4187,,,,,,12,,0.043
610,I38,,,,,,8,,,,,,4134.72,,,0.04,,0.443,,,,,,12,,0.0288
611,I38,,,,,,8.7,,,,,,4047.12,,,0.064,,0.3095,,,,,,12,,0.0331
612,I38,,,,,,9.5,,,,,,3977.04,,,0.016,,0.5826,,,,,,12,,0.0333
613,I38,,,,,,9.5,,,,,,3933.24,,,0.024,,0.5462,,,,,,12,,0.0418
614,I38,,,,,,9.7,,,,,,4152.24,,,0.04,,0.8132,,,,,,12,,0.0312
615,I40,,,,,,11.4,,,,,,6175.8,,,0.2056,,0.1141,,,,,,12,,0.0423
616,I40,,,,,,11.4,,,,,,5781.6,,,0.1656,,0.1286,,,,,,12,,0.0351
617,I40,,,,,,11.4,,,,,,5527.56,,,0.1432,,0.0558,,,,,,12,,0.036
618,I40,,,,,,11.4,,,,,,4791.72,,,0.1384,,0.0516,,,,,,12,,0.0376
619,I40,,,,,,11.4,,,,,,4090.92,,,0.152,,0.0783,,,,,,12,,0.0429
620,I40,,,,,,11.4,,,,,,4485.12,,,0.148,,0.1202,,,,,,12,,0.038
621,I41,,,,,,10.5,,,,,,6018.12,,,0.1288,,0.0856,,,,,,12,,0.0364
622,I43,,,,,,9,,,,,,6193.32,,,0.1536,,0.0322,,,,,,12,,0.0396
623,I43,,,,,,9,,,,,,5956.8,,,0.136,,0.0231,,,,,,12,,0.0354
624,I43,,,,,,9,,,,,,3933.24,,,0.1288,,0.0443,,,,,,12,,0.0381
625,I43,,,,,,9,,,,,,4020.84,,,0.1288,,0.0443,,,,,,12,,0.0417
626,I43,,,,,,9,,,,,,4774.2,,,0.1312,,0.0206,,,,,,12,,0.0418
627,I43,,,,,,9,,,,,,4301.16,,,0.1136,,0.0309,,,,,,12,,0.0377
628,I44,,,,,,13.3,,,,,,4406.28,,,0.0432,,0.8071,,,,,,12,,0.0402
629,I44,,,,,,18.1,,,,,,4196.04,,,0.0496,,0.6797,,,,,,12,,0.0325
630,I44,,,,,,17.8,,,,,,4064.64,,,0.0528,,0.8981,,,,,,12,,0.0376
631,I44,,,,,,17.4,,,,,,4143.48,,,0.0488,,1.1773,,,,,,12,,0.0356
632,I44,,,,,,18.2,,,,,,4309.92,,,0.084,,1.505,,,,,,12,,0.0438
633,I45,,,,,,11.8,,,,,,1892.16,,,0.263,,0.015,,,,,,12,,0.0264
634,I46,,,,,,27.3,,,,,,7218.24,,,0.424,,3.2466,,,,,,12,,0.373
635,I51,,,,,,13.2,,,,,,3188.64,,,0.2,,0.0061,,,,,,12,,0.0322
636,I51,,,,,,13.4,,,,,,2987.16,,,0.2256,,0.0061,,,,,,12,,0.0336
637,I51,,,,,,13.1,,,,,,3460.2,,,0.2048,,0.0061,,,,,,12,,0.0294
638,I51,,,,,,13.3,,,,,,3381.36,,,0.212,,0.0061,,,,,,12,,0.0302
639,I51,,,,,,13.7,,,,,,3355.08,,,0.2112,,0.0067,,,,,,12,,0.0225
640,I51,,,,,,13.3,,,,,,2925.84,,,0.208,,0.0061,,,,,,12,,0.0242
641,I52,,,,,,3.9,,,,,,4073.4,,,0.104,,0.2185,,,,,,12,,0.039
642,I52,,,,,,4.2,,,,,,3801.84,,,0.1264,,0.1456,,,,,,12,,0.0264
643,I52,,,,,,5.8,,,,,,3547.8,,,0.2744,,0.1123,,,,,,12,,0.0224
644,I52,,,,,,5.9,,,,,,3468.96,,,0.3288,,0.0668,,,,,,12,,0.0239
645,I52,,,,,,6.8,,,,,,4231.08,,,0.2032,,0.0528,,,,,,12,,0.0174
646,I52,,,,,,6.2,,,,,,4406.28,,,0.2232,,0.0734,,,,,,12,,0.0263
647,P01,,,,,,9.5,79,639,,,,,,,0.62,,,,,,,,12,,0.0556
648,P01,,,,,,9.1,73,684,,,,,,,0.3296,,,,,,,,12,,0.0345
649,P01,,,,,,9.8,77,581,,,,,,,0.2568,,,,,,,,12,,0.0307
650,P01,,,,,,8.6,78,475,,,,,,,0.1888,,,,,,,,12,,0.0295
651,P01,,,,,,9.9,76,522,,,,,,,0.1224,,,,,,,,12,,0.0232
652,P01,,,,,,9.5,79,601,,,,,,,0.0704,,,,,,,,12,,0.0176
653,P01,,,,,,9.3,72,513,,,,,,,0.0512,,,,,,,,12,,0.0131
654,P01,,,,,,9.3,74,491,,,,,,,0.0888,,,,,,,,12,,0.013
655,P01,,,,,,10.1,74,525,,,,,,,0.052,,,,,,,,12,,0.0075
656,P01,,,,,,10.2,70,534,,,,,,,0.0512,,,,,,,,12,,0.0085
657,P01,,,,,,11,73,414,,,,,,,0.0368,,,,,,,,12,,0.0084
658,P02,,,,,,7,77,850,,,,,,,0.1576,,,,,,,,12,,0.0285
659,P02,,,,,,6.6,73,921,,,,,,,0.1432,,,,,,,,12,,0.0195
660,P02,,,,,,7.2,74,941,,,,,,,0.0976,,,,,,,,12,,0.0188
661,P03,,,,,,9.6,73,426,,,,,,,0.6664,,,,,,,,12,,0.0709
662,P03,,,,,,8.9,71,432,,,,,,,0.392,,,,,,,,12,,0.0445
663,P03,,,,,,9.7,75,513,,,,,,,0.3936,,,,,,,,12,,0.0448
664,P03,,,,,,8.5,73,431,,,,,,,0.2448,,,,,,,,12,,0.0373
665,P03,,,,,,9.9,76,420,,,,,,,0.1464,,,,,,,,12,,0.0304
666,P03,,,,,,9.2,80,510,,,,,,,0.1432,,,,,,,,12,,0.0285
667,P03,,,,,,8.7,73,463,,,,,,,0.0896,,,,,,,,12,,0.0234
668,P03,,,,,,8.3,76,442,,,,,,,0.1448,,,,,,,,12,,0.0233
669,P03,,,,,,9.3,80,521,,,,,,,0.108,,,,,,,,12,,0.0207
670,P03,,,,,,9.6,79,417,,,,,,,0.152,,,,,,,,12,,0.0282
671,P03,,,,,,10.8,71,433,,,,,,,0.0912,,,,,,,,12,,0.0266
672,P04,,,,,,5.9,76,626,,,,,,,0.1488,,,,,,,,12,,0.0345
673,P04,,,,,,5.6,79,755,,,,,,,0.0184,,,,,,,,12,,0.0167
674,P04,,,,,,6,80,698,,,,,,,0.0208,,,,,,,,12,,0.0154
675,P05,,,,,,3.1,78,801,,,,,,,0.0504,,,,,,,,12,,0.0168
676,P05,,,,,,3.4,81,610,,,,,,,0.0072,,,,,,,,12,,0.0061
677,P05,,,,,,3.9,83,675,,,,,,,0.0064,,,,,,,,12,,0.0075
678,P05,,,,,,3.2,76,618,,,,,,,0.0048,,,,,,,,12,,0.0069
679,P05,,,,,,3.5,80,742,,,,,,,0.0072,,,,,,,,12,,0.0067
680,P05,,,,,,4.8,82,845,,,,,,,0.0064,,,,,,,,12,,0.0065
681,P05,,,,,,4.5,80,713,,,,,,,0.0064,,,,,,,,12,,0.0048
682,P06,,,,,,6.3,78,673,,,,,,,0.1656,,,,,,,,12,,0.0344
683,P06,,,,,,6.2,78,702,,,,,,,0.0384,,,,,,,,12,,0.0207
684,P06,,,,,,6.6,76,649,,,,,,,0.044,,,,,,,,12,,0.0249
685,P07,,,,,,9.3,80,631,,,,,,,0.1096,,,,,,,,12,,0.0338
686,P07,,,,,,8.9,81,624,,,,,,,0.0656,,,,,,,,12,,0.0294
687,P07,,,,,,9.5,81,596,,,,,,,0.0312,,,,,,,,12,,0.0211
688,P07,,,,,,8.9,82,615,,,,,,,0.0232,,,,,,,,12,,0.0199
689,P07,,,,,,9.5,83,786,,,,,,,0.0168,,,,,,,,12,,0.0183
690,P07,,,,,,9.4,81,620,,,,,,,0.0184,,,,,,,,12,,0.0188
691,P07,,,,,,8.8,75,413,,,,,,,0.0176,,,,,,,,12,,0.0108
692,P08,,,,,,12.3,77,627,,,,,,,0.1896,,,,,,,,12,,0.0271
693,P08,,,,,,11.4,64,561,,,,,,,0.1008,,,,,,,,12,,0.0148
694,P08,,,,,,11.6,65,779,,,,,,,0.0768,,,,,,,,12,,0.0178
695,P09,,,,,,10.8,77,783,,,,,,,0.196,,,,,,,,12,,0.0373
696,P09,,,,,,10.7,79,619,,,,,,,0.1304,,,,,,,,12,,0.0294
697,P09,,,,,,11.4,81,841,,,,,,,0.0888,,,,,,,,12,,0.0266
698,P09,,,,,,10,78,781,,,,,,,0.084,,,,,,,,12,,0.0262
699,P09,,,,,,10.9,80,930,,,,,,,0.0664,,,,,,,,12,,0.026
700,P09,,,,,,11.6,79,997,,,,,,,0.04,,,,,,,,12,,0.0129
701,P09,,,,,,11.4,76,647,,,,,,,0.048,,,,,,,,12,,0.0165
702,P10,,,,,,11.2,75,874,,,,,,,0.4048,,,,,,,,12,,0.0478
703,P10,,,,,,10.3,78,707,,,,,,,0.3328,,,,,,,,12,,0.0442
704,P10,,,,,,11.8,80,913,,,,,,,0.2416,,,,,,,,12,,0.0374
705,P10,,,,,,10.5,79,806,,,,,,,0.2352,,,,,,,,12,,0.0377
706,P10,,,,,,11.5,81,1044,,,,,,,0.1968,,,,,,,,12,,0.0396
707,P10,,,,,,11.7,81,791,,,,,,,0.1432,,,,,,,,12,,0.0373
708,P10,,,,,,11.3,77,780,,,,,,,0.1352,,,,,,,,12,,0.0282
709,P10,,,,,,10.8,81,663,,,,,,,0.0888,,,,,,,,12,,0.0275
710,P10,,,,,,11.1,75,849,,,,,,,0.0744,,,,,,,,12,,0.0286
711,P10,,,,,,11.4,78,880,,,,,,,0.0704,,,,,,,,12,,0.0309
712,P11,,,,,,10.5,79,713,,,,,,,0.2424,,,,,,,,12,,0.0435
713,P11,,,,,,10.1,79,684,,,,,,,0.1832,,,,,,,,12,,0.0373
714,P11,,,,,,10.9,78,889,,,,,,,0.1296,,,,,,,,12,,0.0307
715,P12,,,,,,8,82,1492,,,,,,,0.0752,,,,,,,,12,,0.0176
716,P12,,,,,,7.1,84,1552,,,,,,,0.0256,,,,,,,,12,,0.0115
717,P12,,,,,,7.4,83,1503,,,,,,,0.0192,,,,,,,,12,,0.0108
718,P13,,,,,,15.4,66,591,,,,,,,0.2352,,,,,,,,12,,0.0227
719,P13,,,,,,18.4,68,602,,,,,,,0.0464,,,,,,,,12,,0.0158
720,P13,,,,,,19.4,65,1125,,,,,,,0.0296,,,,,,,,12,,0.0171
721,P13,,,,,,17.8,53,625,,,,,,,0.0088,,,,,,,,12,,0.008
722,P13,,,,,,18,66,1115,,,,,,,0.0064,,,,,,,,12,,0.008
723,P14,,,,,,14.6,71,650,,,,,,,0.0664,,,,,,,,12,,0.0299
724,P14,,,,,,14.9,76,717,,,,,,,0.0416,,,,,,,,12,,0.0188
725,P14,,,,,,14.5,74,742,,,,,,,0.0416,,,,,,,,12,,0.0159
726,P14,,,,,,16.3,63,600,,,,,,,0.0056,,,,,,,,12,,0.0087
727,P14,,,,,,14.5,67,742,,,,,,,0.0016,,,,,,,,12,,0.0108
728,P14,,,,,,15.9,69,857,,,,,,,0.0296,,,,,,,,12,,0.0065
729,P14,,,,,,15.7,71,585,,,,,,,0.0088,,,,,,,,12,,0.0103
730,P14,,,,,,15.5,73,1114,,,,,,,0.0096,,,,,,,,12,,0.0144
731,P15,,,,,,15.3,72,1125,,,,,,,0.5776,,,,,,,,12,,0.0466
732,P15,,,,,,14.3,69,1092,,,,,,,0.1768,,,,,,,,12,,0.0251
733,P15,,,,,,14.5,69,1077,,,,,,,0.1232,,,,,,,,12,,0.022
734,P15,,,,,,15.9,71,932,,,,,,,0.1032,,,,,,,,12,,0.0234
735,P15,,,,,,15.1,66,619,,,,,,,0.0984,,,,,,,,12,,0.0115
736,P15,,,,,,14,56,632,,,,,,,0.0592,,,,,,,,12,,0.0146
737,P15,,,,,,15,56,1179,,,,,,,0.0384,,,,,,,,12,,0.012
738,P15,,,,,,13.9,63,583,,,,,,,0.0176,,,,,,,,12,,0.0059
739,P15,,,,,,15.8,63,1037,,,,,,,0.0352,,,,,,,,12,,0.008
740,P16,,,,,,14.9,77,714,,,,,,,0.1688,,,,,,,,12,,0.0312
741,P16,,,,,,13.2,82,500,,,,,,,0.0504,,,,,,,,12,,0.027
742,P16,,,,,,13.5,83,742,,,,,,,0.0592,,,,,,,,12,,0.0268
743,P16,,,,,,14.9,83,638,,,,,,,0.0624,,,,,,,,12,,0.019
744,P16,,,,,,13.7,79,795,,,,,,,0.0336,,,,,,,,12,,0.0132
745,P16,,,,,,14.5,77,588,,,,,,,0.0144,,,,,,,,12,,0.0088
746,P16,,,,,,15,77,881,,,,,,,0.0096,,,,,,,,12,,0.0098
747,P17,,,,,,10.5,84,978,,,,,,,0.2824,,,,,,,,12,,0.0438
748,P17,,,,,,10.3,83,860,,,,,,,0.204,,,,,,,,12,,0.0386
749,P17,,,,,,11,84,996,,,,,,,0.164,,,,,,,,12,,0.0326
750,P18,,,,,,9.9,83,904,,,,,,,0.0808,,,,,,,,12,,0.0323
751,P18,,,,,,9.5,82,873,,,,,,,0.0592,,,,,,,,12,,0.026
752,P18,,,,,,10.3,83,987,,,,,,,0.0376,,,,,,,,12,,0.0183
753,P19,,,,,,10.3,81,845,,,,,,,0.104,,,,,,,,12,,0.036
754,P19,,,,,,10,82,749,,,,,,,0.0664,,,,,,,,12,,0.0304
755,P19,,,,,,10.9,83,829,,,,,,,0.036,,,,,,,,12,,0.0229
756,P20,,,,,,10.3,81,801,,,,,,,0.1096,,,,,,,,12,,0.0331
757,P20,,,,,,10.1,81,680,,,,,,,0.0744,,,,,,,,12,,0.0261
758,P20,,,,,,11.1,82,790,,,,,,,0.0464,,,,,,,,12,,0.0219
759,P21,,,,,,7.6,70,1024,,,,,,,0.1152,,,,,,,,12,,0.0291
760,P21,,,,,,7.7,68,440,,,,,,,0.048,,,,,,,,12,,0.0172
761,P21,,,,,,7.5,69,680,,,,,,,0.0232,,,,,,,,12,,0.0129
762,P21,,,,,,6.8,76,764,,,,,,,0.032,,,,,,,,12,,0.0126
763,P21,,,,,,6.6,79,523,,,,,,,0.0328,,,,,,,,12,,0.0118
764,P21,,,,,,7.2,75,1050,,,,,,,0.0248,,,,,,,,12,,0.0123
765,P21,,,,,,6.4,74,794,,,,,,,0.0136,,,,,,,,12,,0.0071
766,P21,,,,,,7.2,74,869,,,,,,,0.0104,,,,,,,,12,,0.0095
767,P21,,,,,,6.9,76,737,,,,,,,0.016,,,,,,,,12,,0.0075
768,P21,,,,,,7.4,74,715,,,,,,,0.0048,,,,,,,,12,,0.0052
769,P21,,,,,,7.5,76,805,,,,,,,0.0336,,,,,,,,12,,0.0079
770,P22,,,,,,6,78,1116,,,,,,,0.2864,,,,,,,,12,,0.0547
771,P22,,,,,,7,76,628,,,,,,,0.2112,,,,,,,,12,,0.044
772,P22,,,,,,7.4,76,819,,,,,,,0.2504,,,,,,,,12,,0.0426
773,P23,,,,,,6.5,80,2144,,,,,,,0.0104,,,,,,,,12,,0.0247
774,P23,,,,,,5.9,75,1189,,,,,,,0.0056,,,,,,,,12,,0.0168
775,P23,,,,,,6.4,76,1420,,,,,,,0.0056,,,,,,,,12,,0.0139
776,P23,,,,,,5.6,75,1182,,,,,,,0.0032,,,,,,,,12,,0.0144
777,P23,,,,,,6.2,79,1744,,,,,,,0.0016,,,,,,,,12,,0.0129
778,P23,,,,,,6.6,83,2333,,,,,,,0.0024,,,,,,,,12,,0.0145
779,P23,,,,,,5.9,81,1390,,,,,,,0.0024,,,,,,,,12,,0.0083
780,P23,,,,,,6.2,79,1623,,,,,,,0.004,,,,,,,,12,,0.0136
781,P23,,,,,,4.2,81,1392,,,,,,,0.0008,,,,,,,,12,,0.0098
782,P23,,,,,,6.8,77,1544,,,,,,,0.0016,,,,,,,,12,,0.0121
783,P23,,,,,,6.5,82,2195,,,,,,,0.0016,,,,,,,,12,,0.0053
784,P24,,,,,,7.6,78,531,,,,,,,0.1344,,,,,,,,12,,0.034
785,P24,,,,,,7,70,577,,,,,,,0.0456,,,,,,,,12,,0.0153
786,P24,,,,,,7.5,73,581,,,,,,,0.0336,,,,,,,,12,,0.0131
787,P24,,,,,,7.4,68,556,,,,,,,0.0264,,,,,,,,12,,0.0136
788,P24,,,,,,6.7,76,463,,,,,,,0.0208,,,,,,,,12,,0.0159
789,P24,,,,,,8.1,81,635,,,,,,,0.0152,,,,,,,,12,,0.0148
790,P24,,,,,,7.1,80,384,,,,,,,0.0128,,,,,,,,12,,0.0103
791,P24,,,,,,8.9,74,273,,,,,,,0.0144,,,,,,,,12,,0.0117
792,P24,,,,,,7.8,76,270,,,,,,,0.0064,,,,,,,,12,,0.0078
793,P24,,,,,,7.8,77,428,,,,,,,0.0072,,,,,,,,12,,0.0055
794,P24,,,,,,8.3,81,330,,,,,,,0.004,,,,,,,,12,,0.0074
795,P25,,,,,,7.6,78,531,,,,,,,0.1568,,,,,,,,12,,0.0335
796,P25,,,,,,7,70,577,,,,,,,0.0376,,,,,,,,12,,0.0131
797,P25,,,,,,7.5,73,581,,,,,,,0.0272,,,,,,,,12,,0.0121
798,P26,,,,,,6,83,543,,,,,,,0.0264,,,,,,,,12,,0.0187
799,P26,,,,,,6,81,468,,,,,,,0.0104,,,,,,,,12,,0.0095
800,P26,,,,,,6.8,82,525,,,,,,,0.0088,,,,,,,,12,,0.0103
801,P26,,,,,,6.5,83,409,,,,,,,0.0064,,,,,,,,12,,0.0088
802,P26,,,,,,5.9,86,479,,,,,,,0.0048,,,,,,,,12,,0.0079
803,P26,,,,,,7.2,86,772,,,,,,,0.0048,,,,,,,,12,,0.0088
804,P26,,,,,,5.6,82,562,,,,,,,0.0048,,,,,,,,12,,0.0051
805,P26,,,,,,6.3,84,435,,,,,,,0.0048,,,,,,,,12,,0.0052
806,P26,,,,,,7.1,82,452,,,,,,,0.0032,,,,,,,,12,,0.0036
807,P26,,,,,,6.7,86,511,,,,,,,0.0032,,,,,,,,12,,0.0025
808,P26,,,,,,7.2,82,784,,,,,,,0.0024,,,,,,,,12,,0.0149
809,P27,,,,,,9.2,84,365,,,,,,,0.1416,,,,,,,,12,,0.0401
810,P27,,,,,,9.6,82,530,,,,,,,0.1424,,,,,,,,12,,0.0393
811,P27,,,,,,10.5,78,515,,,,,,,0.0544,,,,,,,,12,,0.0302
812,P27,,,,,,10.2,81,708,,,,,,,0.075,,,,,,,,12,,0.0344
813,P27,,,,,,9.7,81,831,,,,,,,0.06,,,,,,,,12,,0.0248
814,P27,,,,,,10.4,78,548,,,,,,,0.0392,,,,,,,,12,,0.0229
815,P28,,,,,,10.8,86,447,,,,,,,0.0576,,,,,,,,12,,0.0322
816,P28,,,,,,10.5,82,614,,,,,,,0.0256,,,,,,,,12,,0.026
817,P28,,,,,,11.2,79,696,,,,,,,0.0264,,,,,,,,12,,0.0252
818,P30,,,,,,10.2,78,610,,,,,,,0.12,,,,,,,,12,,0.0391
819,P30,,,,,,10.3,76,549,,,,,,,0.0744,,,,,,,,12,,0.0293
820,P31,,,,,,14.1,66,398,,,,,,,0.1472,,,,,,,,12,,0.0282
821,P31,,,,,,14.3,67,360,,,,,,,0.0656,,,,,,,,12,,0.0206
822,P31,,,,,,15.7,68,224,,,,,,,0.0624,,,,,,,,12,,0.0192
823,P31,,,,,,14.8,67,401,,,,,,,0.0912,,,,,,,,12,,0.0202
824,P31,,,,,,12.9,61,765,,,,,,,0.0944,,,,,,,,12,,0.0092
825,P31,,,,,,15,62,560,,,,,,,0.0096,,,,,,,,12,,0.0098
826,P31,,,,,,15.3,60,447,,,,,,,0.0208,,,,,,,,12,,0.0074
827,P31,,,,,,15.3,56,399,,,,,,,0.0128,,,,,,,,12,,0.0056
828,P31,,,,,,15.1,53,267,,,,,,,0.0296,,,,,,,,12,,0.0023
829,P31,,,,,,16.2,43,283,,,,,,,0.0048,,,,,,,,12,,0.0005
830,P31,,,,,,16,63,303,,,,,,,0.0056,,,,,,,,12,,0.0025
831,P33,,,,,,14,64,785,,,,,,,0.0264,,,,,,,,12,,0.0057
832,P33,,,,,,13.4,61,433,,,,,,,0.0136,,,,,,,,12,,0.0033
833,P33,,,,,,14.8,57,327,,,,,,,0.0336,,,,,,,,12,,0.0046
834,P33,,,,,,14,61,603,,,,,,,0.0088,,,,,,,,12,,0.0046
835,P33,,,,,,14,59,872,,,,,,,0.012,,,,,,,,12,,0.0069
836,P33,,,,,,12.2,71,739,,,,,,,0.0096,,,,,,,,12,,0.006
837,P33,,,,,,12.2,78,411,,,,,,,0.0088,,,,,,,,12,,0.0042
838,P33,,,,,,12.1,69,689,,,,,,,0.0072,,,,,,,,12,,0.0057
839,P33,,,,,,14.7,61,828,,,,,,,0.0032,,,,,,,,12,,0.0018
840,P33,,,,,,15.4,58,430,,,,,,,0.0032,,,,,,,,12,,0.0005
841,P33,,,,,,12.8,60,516,,,,,,,0.004,,,,,,,,12,,0.002
842,P34,,,,,,5.5,73,575,,,,,,,0.1536,,,,,,,,12,,0.023
843,P34,,,,,,5.7,74,881,,,,,,,0.2296,,,,,,,,12,,0.0179
844,P34,,,,,,5.6,71,667,,,,,,,0.1312,,,,,,,,12,,0.0154
845,P34,,,,,,6.5,74,838,,,,,,,0.137,,,,,,,,12,,0.0172
846,P34,,,,,,7.4,69,812,,,,,,,0.137,,,,,,,,12,,0.0173
847,P34,,,,,,5.9,71,750,,,,,,,0.0328,,,,,,,,12,,0.0117
848,P35,,,,,,5.5,83,448,,,,,,,0.0072,,,,,,,,12,,0.0235
849,P35,,,,,,5.4,82,859,,,,,,,0.011,,,,,,,,12,,0.0135
850,P35,,,,,,6.9,81,668,,,,,,,0.0104,,,,,,,,12,,0.0121
851,P35,,,,,,5,81,655,,,,,,,0.0136,,,,,,,,12,,0.0122
852,P35,,,,,,5.2,80,403,,,,,,,0.032,,,,,,,,12,,0.0112
853,P35,,,,,,8.8,81,640,,,,,,,0.0088,,,,,,,,12,,0.0074
854,P36,,,,,,12.1,64,972,,,,,,,0.0544,,,,,,,,12,,0.0285
855,P36,,,,,,18,62,545,,,,,,,0.1288,,,,,,,,12,,0.0392
856,P36,,,,,,19.1,67,443,,,,,,,0.0376,,,,,,,,12,,0.026
857,P36,,,,,,17.9,63,252,,,,,,,0.1416,,,,,,,,12,,0.0272
858,P37,,,,,,5.5,75,961,,,,,,,0.0264,,,,,,,,12,,0.019
859,P37,,,,,,4.3,80,1080,,,,,,,0.0168,,,,,,,,12,,0.014
860,P37,,,,,,5.2,80,1023,,,,,,,0.0264,,,,,,,,12,,0.0132
861,P37,,,,,,7.4,75,788,,,,,,,0.0192,,,,,,,,12,,0.0148
862,P37,,,,,,7.2,76,964,,,,,,,0.0048,,,,,,,,12,,0.012
863,P38,,,,,,14.6,69,847,,,,,,,0.0768,,,,,,,,12,,0.0272
864,P38,,,,,,15.5,64,982,,,,,,,0.0808,,,,,,,,12,,0.0235
865,P38,,,,,,15.8,68,1038,,,,,,,0.0744,,,,,,,,12,,0.0048
866,P39,,,,,,12.3,67,733,,,,,,,0.4648,,,,,,,,12,,0.0224
867,P39,,,,,,11.8,65,729,,,,,,,0.3448,,,,,,,,12,,0.0369
868,P39,,,,,,11.8,69,757,,,,,,,0.3064,,,,,,,,12,,0.0065
869,P40,,,,,,13.4,67,572,,,,,,,0.1136,,,,,,,,12,,0.0174
870,P40,,,,,,12.7,74,731,,,,,,,0.0808,,,,,,,,12,,0.0182
871,P40,,,,,,13.3,69,490,,,,,,,0.0896,,,,,,,,12,,0.012
872,P40,,,,,,12.6,73,571,,,,,,,0.0528,,,,,,,,12,,0.0116
873,P40,,,,,,12.7,70,427,,,,,,,0.0248,,,,,,,,12,,0.0075
874,P40,,,,,,13.2,70,382,,,,,,,0.0128,,,,,,,,12,,0.0061
875,P40,,,,,,13.2,74,668,,,,,,,0.062,,,,,,,,12,,0.0081
876,P41,,,,,,8.4,76,473,,,,,,,0.1304,,,,,,,,12,,0.0221
877,P41,,,,,,10.4,77,486,,,,,,,0.0872,,,,,,,,12,,0.0228
878,P41,,,,,,11.1,82,489,,,,,,,0.0784,,,,,,,,12,,0.0221
879,P41,,,,,,11.7,71,473,,,,,,,0.0688,,,,,,,,12,,0.0183
880,P41,,,,,,10.1,88,348,,,,,,,0.0224,,,,,,,,12,,0.0155
881,P41,,,,,,10,72,570,,,,,,,0.0224,,,,,,,,12,,0.0116
882,P41,,,,,,10.3,77,473,,,,,,,0.0184,,,,,,,,12,,0.0074
883,P43,,,,,,24.6,83,485,,,,,,,0.28,,,,,,,,12,,0.0412
884,P43,,,,,,22,70,254,,,,,,,0.0528,,,,,,,,12,,0.0326
885,P45,,,,,,6.2,77,1135,,,,,,,0.012,,,,,,,,12,,0.0118
886,P45,,,,,,6.9,77,1053,,,,,,,0.0104,,,,,,,,12,,0.0085
887,P45,,,,,,7.2,80,1281,,,,,,,0.008,,,,,,,,12,,0.0074
888,P45,,,,,,7.3,75,1011,,,,,,,0.0104,,,,,,,,12,,0.0046
889,P45,,,,,,6.2,80,1404,,,,,,,0.0088,,,,,,,,12,,0.0052
890,P45,,,,,,6.3,80,950,,,,,,,0.0056,,,,,,,,12,,0.0033
891,P45,,,,,,7,79,1108,,,,,,,0.0032,,,,,,,,12,,0.0028
892,P46,,,,,,12.2,70,706,,,,,,,0.0464,,,,,,,,12,,0.0225
893,P46,,,,,,12.1,69,907,,,,,,,0.0464,,,,,,,,12,,0.0216
894,P46,,,,,,12.7,66,494,,,,,,,0.0464,,,,,,,,12,,0.0191
895,P47,,,,,,17.4,61,33,,,,,,,0.0048,,,,,,,,12,,0.0173
896,P49,,,,,,11.4,76,834,,,,,,,0.1824,,,,,,,,12,,0.0218
897,P49,,,,,,11.7,75,993,,,,,,,0.108,,,,,,,,12,,0.0235
898,P49,,,,,,11.9,65,674,,,,,,,0.1104,,,,,,,,12,,0.014
899,P50,,,,,,9.4,81,870,,,,,,,0.2752,,,,,,,,12,,0.0345
900,P50,,,,,,8.2,76,702,,,,,,,0.3088,,,,,,,,12,,0.0308
901,P50,,,,,,7.5,76,674,,,,,,,0.2888,,,,,,,,12,,0.0288
902,P50,,,,,,7.7,84,651,,,,,,,0.1224,,,,,,,,12,,0.0284
903,P50,,,,,,8.8,74,676,,,,,,,0.1296,,,,,,,,12,,0.0253
904,P50,,,,,,10.7,71,484,,,,,,,0.1072,,,,,,,,12,,0.0046
905,P51,,,,,,18.7,62,461,,,,,,,0.1136,,,,,,,,12,,0.0101
906,P51,,,,,,18.5,56,325,,,,,,,0.0336,,,,,,,,12,,0.0069
907,P51,,,,,,18.7,62,570,,,,,,,0.0632,,,,,,,,12,,0.0199
908,P52,,,,,,8.2,77,633,,,,,,,0.028,,,,,,,,12,,0.0106
909,P52,,,,,,7.8,75,589,,,,,,,0.008,,,,,,,,12,,0.008
910,P53,,,,,,11.2,73,855,,,,,,,0.02,,,,,,,,12,,0.0104
911,P53,,,,,,11.3,73,555,,,,,,,0.0264,,,,,,,,12,,0.0057
912,P53,,,,,,12,71,527,,,,,,,0.0336,,,,,,,,12,,0.0106
913,P54,,,,,,11.5,70,651,,,,,,,0.108,,,,,,,,12,,0.0089
914,P55,,,,,,6.1,76,636,,,,,,,0.0248,,,,,,,,12,,0.0126
915,P59,,,,,,9.7,74,664,,,,,,,0.052,,,,,,,,12,,0.0137
916,M01,,,,,,13.9,79,805,,,,6202.08,,,0.02,,0.402,,,,,,12,,0.0548
917,M01,,,,,,14.5,80,1226,,,,6447.36,,,0.02,,0.7,,,,,,12,,0.066
918,M02,,,,,,16.9,74,1377,,,,4712.88,,,0.09,,0.015,,,,,,12,,0.0147
919,M03,,,,,,21.2,75,2167,,,,5632.68,,,0.02,,0.015,,,,,,12,,0.0057
920,M04,,,,,,18.8,50,80,,,,902.28,,,0.02,,0.015,,,,,,12,,0.0049
921,M06,,,,,,17,78,1178,,,,5194.68,,,0.062,,0.015,,,,,,12,,0.0253
922,M06,,,,,,16.7,77,1263,,,,4949.4,,,0.082,,0.015,,,,,,12,,0.0288
923,M06,,,,,,16.6,78,1361,,,,5527.56,,,0.062,,0.015,,,,,,12,,0.0301
924,M07,,,,,,21.5,74,847,,,,4222.32,,,0.008,,0.089,,,,,,12,,0.0086
925,M07,,,,,,20.9,75,1167,,,,4222.32,,,0.013,,0.074,,,,,,12,,0.0115
926,M07,,,,,,21.2,75,996,,,,4222.32,,,0.017,,0.016,,,,,,12,,0.0131
927,M08,,,,,,23.8,89,1122,,,,4222.32,,,0.238,,0.086,,,,,,12,,0.0525
928,M08,,,,,,22.9,91,1471,,,,4222.32,,,0.207,,0.068,,,,,,12,,0.0473
929,M08,,,,,,23,90,1444,,,,4222.32,,,0.245,,0.052,,,,,,12,,0.0485
930,M09,,,,,,24.8,77,605,,,,5098.32,,,0.095,,3.598,,,,,,12,,0.1598
931,M09,,,,,,24.5,79,985,,,,5098.32,,,0.053,,1.748,,,,,,12,,0.1947
932,M09,,,,,,24.2,77,716,,,,5098.32,,,0.044,,1.677,,,,,,12,,0.1417
933,M10,,,,,,22.7,73,960,,,,5072.04,,,0.404,,0.045,,,,,,12,,0.0987
934,M10,,,,,,22.9,71,870,,,,5072.04,,,0.574,,0.092,,,,,,12,,0.1612
935,M10,,,,,,22.6,79,1133,,,,5072.04,,,0.658,,0.108,,,,,,12,,0.2169
936,M11,,,,,,22.1,80,1689,,,,5072.04,,,0.026,,1.132,,,,,,12,,0.3019
937,M13,,,,,,20.1,80,1353,,,,5238.48,,,0.5585,,0.2021,,,,,,12,,0.1271
938,M13,,,,,,23.1,78,1369,,,,5238.48,,,0.4409,,0.1422,,,,,,12,,0.0612
939,M13,,,,,,21,82,1305,,,,5238.48,,,0.3051,,0.1467,,,,,,12,,0.0731
940,M14,,,,,,26.1,88,2395,,,,5974.32,,,0.02,,0.015,,,,,,12,,0.0194
941,M16,,,,,,20.4,69,1440,,,,3871.92,,,0.02,,0.015,,,,,,12,,0.0129
942,M17,,,,,,25.9,77,1392,,,,1506.72,,,0.02,,0.015,,,,,,12,,0.0173
943,M18,,,,,,26.6,90,2096,,,,,,,0.02,,0.015,,,,,,12,,0.0049
944,M19,,,,,,27.6,85,940,,,,8663.64,,,0.078,,0.436,,,,,,12,,0.016
945,M19,,,,,,27.6,87,940,,,,8462.16,,,0.142,,0.69,,,,,,12,,0.0306
946,M19,,,,,,28.2,87,940,,,,8541,,,0.089,,0.695,,,,,,12,,0.054
947,M20,,,,,,11.5,90,1800,,,,8760,,,0.006,,0.015,,,,,,12,,0.017
948,M21,,,,,,27,76,900,,,,2890.8,,,0.003,,0.015,,,,,,12,,0.0196
949,M22,,,,,,27.6,80,1598,,,,4923.12,,,0.063,,0.387,,,,,,12,,0.0616
950,M23,,,,,,25.3,88,3531,,,,6683.88,,,0.035,,3.76,,,,,,12,,0.3715
951,M24,,,,,,22.9,88,3677,,,,7340.88,,,0.04,,0.206,,,,,,12,,0.0693
952,M25,,,,,,18.9,83,1780,,,,6088.2,,,0.024,,0.121,,,,,,12,,0.0166
953,M26,,,,,,25.2,80,1591,,,,5001.96,,,0.371,,0.158,,,,,,12,,0.0361
954,M26,,,,,,25.4,79,1303,,,,5001.96,,,0.365,,0.109,,,,,,12,,0.0264
955,M26,,,,,,24.7,79,1321,,,,5001.96,,,0.198,,0.109,,,,,,12,,0.029
956,M26,,,,,,25.5,79,1129,,,,5001.96,,,0.256,,0.143,,,,,,12,,0.0323
957,M26,,,,,,25.4,79,1305,,,,5001.96,,,0.41,,0.101,,,,,,12,,0.0313
958,M26,,,,,,24.7,79,1540,,,,5001.96,,,0.247,,0.082,,,,,,12,,0.0292
959,M26,,,,,,25.2,79,1415,,,,5001.96,,,0.185,,0.181,,,,,,12,,0.0273
960,M26,,,,,,25.1,79,1064,,,,5001.96,,,0.492,,0.074,,,,,,12,,0.0328
961,M27,,,,,,25.2,80,1591,,,,5001.96,,,0.245,,0.991,,,,,,12,,0.3911
962,M27,,,,,,25.4,79,1303,,,,5001.96,,,0.135,,1.156,,,,,,12,,0.2137
963,M27,,,,,,24.7,79,1321,,,,5001.96,,,0.251,,1.233,,,,,,12,,0.1736
964,M27,,,,,,25.5,79,1129,,,,5001.96,,,0.204,,0.96,,,,,,12,,0.1719
965,M27,,,,,,25,79,1108,,,,5001.96,,,0.328,,0.504,,,,,,12,,0.3912
966,M27,,,,,,25.4,79,1305,,,,5001.96,,,0.189,,1.114,,,,,,12,,0.1265
967,M27,,,,,,25.7,79,1540,,,,5001.96,,,0.199,,1.088,,,,,,12,,0.0716
968,M27,,,,,,24.2,79,1415,,,,5001.96,,,0.177,,0.977,,,,,,12,,0.0848
969,M27,,,,,,25.1,80,1064,,,,5001.96,,,0.404,,0.818,,,,,,12,,0.1889
970,广西,,,,亚热带,,21,72,1400,3390.1,1600,,,,,1.09,,0.2165,,,,,,12,,0.1337
971,广西,,,,亚热带,,21,72,1400,3560.9,1600,,,,,0.075,,0.0381,,,,,,12,,0.0216
972,广西,,,,亚热带,,21,72,1400,3574.1,1600,,,,,0.087,,0.0477,,,,,,12,,0.0256
973,广西,,,,亚热带,,21,72,1400,3560.9,1600,,,,,0.215,,0.0753,,,,,,12,,0.0318
974,广西,,,,亚热带,,21,72,1400,3560.9,1600,,,,,0.197,,0.1426,,,,,,12,,0.0418
975,广西,,,,亚热带,,21,72,1400,3390.1,1600,,,,,0.057,,0.03,,,,,,12,,0.0289
976,广西,,,,亚热带,,20.5,82,1600,3324.4,1600,,,,,0.056,,0.0136,,,,,,12,,0.0193
977,广西,,,,亚热带,,20.5,82,1600,3324.4,1600,,,,,0.143,,0.0117,,,,,,12,,0.0195
978,广西,,,,亚热带,,20.5,82,1600,3232.4,1600,,,,,0.055,,0.0426,,,,,,12,,0.0331
979,广西,,,,亚热带,,20.5,82,1600,3324.4,1600,,,,,0.038,,0.0534,,,,,,12,,0.0281
980,广西,,,,亚热带,,20.5,82,1600,3285,1600,,,,,0.126,,0.0288,,,,,,12,,0.0262
981,广西,,,,亚热带,,20.5,82,1600,3285,1600,,,,,0.087,,0.0053,,,,,,12,,0.0281
982,广西,,,,亚热带,,22.9,87,1670,4349.3,2009,,,,,0.134,,0.1949,,,,,,12,,0.0201
983,广西,,,,亚热带,,22.9,87,1670,4349.3,2009,,,,,0.198,,0.2817,,,,,,12,,0.0171
984,广西,,,,亚热带,,21.3,81,2150,3928.9,2104,,,,,0.183,,0.1456,,,,,,12,,0.0196
985,广西,,,,亚热带,,21.3,81,2150,3928.9,2104,,,,,0.191,,0.0946,,,,,,12,,0.0374
986,广西,,,,亚热带,,21.3,81,2150,3928.9,2104,,,,,0.189,,0.114,,,,,,12,,0.0193
987,广西,,,,亚热带,,22,80,3465,3915.7,2227,,,,,0.204,,0.0478,,,,,,12,,0.0339
988,广西,,,,亚热带,,22,80,3465,3915.7,2227,,,,,0.219,,0.2033,,,,,,12,,0.0273
989,广西,,,,亚热带,,22.5,78,1460,3482.1,1780,,,,,0.258,,0.0598,,,,,,12,,0.0172
990,广西,,,,亚热带,,22.9,80,,,,,,,,0.198,,0.2817,,,,,,12,,0.0171
991,广西,,,,亚热带,,22.7,79,,,,,,,,0.219,,0.2033,,,,,,12,,0.0273
992,广西,,,,亚热带,,22.5,79,,,,,,,,0.191,,0.0946,,,,,,12,,0.0374
993,广西,,,,亚热带,,21,73,,,,,,,,1.09,,0.2165,,,,,,12,,0.1337
994,广西,,,,亚热带,,22.9,80,,,,,,,,0.134,,0.1949,,,,,,12,,0.0201
995,广西,,,,亚热带,,22.4,81,,,,,,,,0.034,,0.1599,,,,,,12,,0.0368
996,广西,,,,亚热带,,22.7,79,,,,,,,,0.204,,0.0478,,,,,,12,,0.0339
997,广西,,,,亚热带,,22.5,79,,,,,,,,0.189,,0.114,,,,,,12,,0.0193
998,广西,,,,亚热带,,22.5,79,,,,,,,,0.183,,0.1456,,,,,,12,,0.0196
999,广西,,,,亚热带,,21.6,78,,,,,,,,0.258,,0.0598,,,,,,12,,0.0172
1000,广西,,,,亚热带,,20.6,78,,,,,,,,0.126,,0.0288,,,,,,12,,0.0262
1001,广西,,,,亚热带,,20.5,78,,,,,,,,0.087,,0.0053,,,,,,12,,0.0281
1002,广西,,,,亚热带,,20.8,75,,,,,,,,0.056,,0.0136,,,,,,12,,0.0193
1003,广西,,,,亚热带,,20.4,79,,,,,,,,0.055,,0.0426,,,,,,12,,0.0331
1004,广西,,,,亚热带,,20.4,79,,,,,,,,0.038,,0.0534,,,,,,12,,0.0281
1005,广西,,,,亚热带,,20.2,78,,,,,,,,0.143,,0.0117,,,,,,12,,0.0195
1006,广西,,,,亚热带,,20.6,77,,,,,,,,0.197,,0.1426,,,,,,12,,0.0418
1007,广西,,,,亚热带,,20.6,74,,,,,,,,0.075,,0.0381,,,,,,12,,0.0216
1008,广西,,,,亚热带,,21,78,,,,,,,,0.057,,0.03,,,,,,12,,0.0289
1009,广西,,,,亚热带,,20.3,77,,,,,,,,0.087,,0.0477,,,,,,12,,0.0256
1010,广西,,,,亚热带,,20.8,74,,,,,,,,0.215,,0.0753,,,,,,12,,0.0318
